工作標題,工作網址,公司名稱,工作內容,職務類別,工作待遇,工作性質,上班地點,管理責任,出差外派,上班時段,休假制度,可上班日,需求人數,接受身份,工作經歷,學歷要求,科系要求,語文條件,擅長工具,工作技能,其他條件
程式開發工程師(無經驗可),https://www.104.com.tw/job/2gt66?jobsource=hotjob_chr,玉山銀行_玉山商業銀行股份有限公司,1.軟體開發：負責各項資訊專案或需求功能開發，包括系統設計、程式開發等。。;2.系統測試：負責系統後端API程式開發， 進行系統單元測試、功能測試、程式碼檢核及品質分析。。;3.技術研究：專案概念性驗證或技術研發。。;4.網站應用程式開發。。;5.行動裝置App設計、開發與維護。,軟體設計工程師、Internet程式設計師、電腦系統分析師,"月薪40,000元以上",全職,台北市中山區/新北市三重區,不需負擔管理責任,無需出差外派,日班，08:30~17:30,週休二日,不限,1~20人,上班族、應屆畢業生、原住民歡迎身心障礙人士，需附身心障礙證明,不拘,大學以上,資訊管理相關、數學及電算機科學學科類、資訊工程相關,英文--聽/中等、說/中等、讀/中等、寫/中等,ASP、ASP.NET、C#、C++.Net、Java、VisualBasic.net、VisualC#、VisualStudio.net,不拘,1.熱愛程式開發與團隊溝通合作2.擁有新技術研發的熱情3.熟悉Java平台/.NET平台/iOS&AndroidApp系統開發為佳【歡迎無經驗or工作經驗3年以下熱愛程式開發者加入】
網頁自動化測試工程師 (保證年薪 700K - 1.4M) Web QA Automation Engineer,https://www.104.com.tw/job/6qe0y?jobsource=hotjob_chr,天瀚國際科技有限公司,"我們是成立近一年的15人團隊， 平均年齡不到30歲。 。;。;在這裡，我們強調平等與溝通，沒有官僚及辦公室政治。 。;。;我們希望成員都能真心喜歡上這份工作和團隊，好的辦公氣氛是我們最大目標， 。;因此我們每月有Happy Hours玩樂時間、團隊成員不停互噴垃圾話、定期聚餐/喝酒(不強迫參加)、彈性上下班、不穿襯衫等等，希望每個人都能在這裡找到歸屬感。 。;。;如果你希望加入一個年輕、熱情、樂於溝通的團隊，非常歡迎你加入我們！ 。;。;想知道更多辦公室的大小事，歡迎追蹤我們的粉絲團：）。;https://www.facebook.com/universetech.taipei/。;。;﹊﹊﹊﹊﹊﹊﹊﹊﹊﹊﹊﹊﹊﹊﹊﹊﹊﹊﹊﹊﹊﹊﹊﹊﹊﹊﹊﹊﹊﹊﹊﹊﹊﹊﹊﹊﹊﹊﹊ 。;工作介紹。;   1. 依照規格書及技術文件規劃測試計畫 (Test plan)、撰寫測試案例。;   2. 執行功能測試、使用者測試、整合測試及壓力測試。;   3. 整理及回報產品測試結果，追蹤問題並確認修復狀況及協同工程師除錯。;   4. 分析測試資料、釐清問題、提出改善建議。;   5. 建置與維護 end-to-end 自動化測試系統。;。;專業需求。;   1. 使用版控工具經驗 (Git)。;   2. 熟悉 QA 流程、具 Test Case 設計撰寫與執行能力。;   3. 熟悉 web end-to-end (Selenium, Cypress, Testcafe, Nightwatch.js ...) 等測試 framework。;   4. 熟悉 (Html, Css Selector)。;。;加分條件。;   1. 有網頁前後端實際開發經驗 。;。;﹊﹊﹊﹊﹊﹊﹊﹊﹊﹊﹊﹊﹊﹊﹊﹊﹊﹊﹊﹊﹊﹊﹊﹊﹊﹊﹊﹊﹊﹊﹊﹊﹊﹊﹊﹊﹊﹊﹊。;上班時間。;每週五天，每日八小時，早上 9:00 ~ 下午 6:00，中午休息 1 小時半。。;可彈性上下班(最晚10：30上班)，早點來可以早點走，時間自主管理。。;。;* 年薪保14個月。;   ",測試人員、軟體設計工程師、軟韌體測試工程師,"月薪50,000~100,000元",全職,台北市中山區中山北路一段145號10樓,不需負擔管理責任,無需出差外派,日班,依公司規定,不限,1人,上班族、應屆畢業生、原住民、二度就業,1年以上,大學以上,不拘,不拘,不拘,不拘,未填寫
A0000 菁英人才招募(大數據研發類),https://www.104.com.tw/job/442l2?jobsource=hotjob_chr,富邦媒體科技股份有限公司(富邦momo),1.	開發以及維運公司大資料數據系統。。;2.	開發以及應用公司大資料數據，整合相關服務使用，例如智能客服，搜尋引擎，型錄推薦等。。;3.	機器學習演算法系統開發及應用。。;4.	開發以及維運公司搜尋/NLP系統。,軟體設計工程師、軟體相關專案管理師、演算法開發工程師,待遇面議（經常性薪資達4萬元或以上）,全職,台北市內湖區洲子街96號4樓(內湖科技園區),不需負擔管理責任,無需出差外派,日班,週休二日,一個月內,2人,上班族,2年以上,碩士以上,數學及電算機科學學科類、資訊管理相關、統計學相關,英文--聽/中等、說/中等、讀/中等、寫/中等,Java、Scala,MachineLearning,1.需具學士以上畢業之學歷。2.工作經驗兩年以上。3.熟悉Java、Scala、Spark、GCP、分散式資料架構開發。*如經面試錄取後，報到時須繳交「體格檢查表(一般)」，請於報到前自行至醫療機構辦理體檢*
程式設計師,https://www.104.com.tw/job/5brs5?jobsource=hotjob_chr,慧邦科技股份有限公司,【工作內容】。;開發棋牌類web/手機遊戲。;－　Web活動開發及官網維護(JQuery、Vue)。;－　棋牌類遊戲APP、PC等 各平台後端開發(PHP、Perl)。;－　資料庫操作及數據處理(MySQL)。;－　版本控制(Git)。;－　Linux 命令列指令碼操作。;。;【職務需求】。;－　至少熟悉一種程式語言　如：PHP或JavaScript (會Perl更佳）。;－　喜愛寫程式、認真負責、重視團隊合作精神。;。;★想要更加了解慧邦科技嗎？歡迎到gamesofa careers看看！https://www.facebook.com/GamesofaCareers/,電玩程式設計師、Internet程式設計師、軟體設計工程師,待遇面議（經常性薪資達4萬元或以上）,全職,台北市中正區羅斯福路2段100號10樓,不需負擔管理責任,無需出差外派,日班，09:30~18:00,週休二日,不限,4~5人,上班族、應屆畢業生、原住民,不拘,專科、大學、碩士,電機電子工程相關、資訊工程相關、數學及電算機科學學科類,不拘,PHP、MySQL、JavaScript、jQuery,軟體程式設計,※加分條件(可特別備註)：-有使用JavaScript開發框架經驗-熟悉RWDFrameworks和MobileWeb，處理過不同瀏覽器的相容經驗-熟悉資料庫優化相關知識-熟悉Git使用-熟悉Linux/FreeBSD作業系統及VIM-熟悉SocketProgramming-有作品/比賽經驗者佳
PHP 全端(資深)工程師,https://www.104.com.tw/job/6junq?jobsource=hotjob_chr,富欣發網路科技有限公司,【工作內容】。;1. 網站前端架設_ Html5、ReactJS、Vue、Angular 。;2. PHP 程式開發_後端系統建置、串接、維謢網站機制架構 。;3. 日常網站營運維護及架構重構。;4. 規劃實現Unit Test，自動化測試 。;5. 系統分析及系統資料結構開發 。;6. 協助編寫和技術開發相關文件。;7. 其他主管交辦事項。;。;【技術需求】 。;1. 熟悉任一框架ReactJS、Vue、Angular。;2. CSS、Javascript、jQuery含套版。;3. PHP開發經驗3年以上 。;4. MySQL資料庫開發經驗3年以上 。;5. 擁有API開發經驗。;6. 熟悉基本Linux指令、Nginx、MVC 框架。;7. 熟悉 Git 版本控制制。;。;【加分項目】。;1.熟緩存技術redis。;2.瞭解MVC架構，PHP framework,Internet程式設計師、軟體設計工程師,待遇面議（經常性薪資達4萬元或以上）,全職,台北市松山區,不需負擔管理責任,無需出差外派,日班，10:00-19:00,週休二日,兩週內,2~4人,上班族,3年以上,專科以上,不拘,不拘,Linux、PHP、MySQL、HTML、JavaScript、jQuery,不拘,具溝通技巧，與跨部協調能力
"【數據生態營運】資料科學工程師 (數數發中心,DDT)",https://www.104.com.tw/job/6v7pz?jobsource=2018indexpoc,國泰世華商業銀行股份有限公司_人力資源部,【職務說明】。;1.數據介接、清洗、處理與數據模型的程式開發。;2.網路爬蟲、數據工程 API 程式撰寫。;3.與數據分析師合作，進行機器學習、深度學習與統計分析模型的維運化程式開發。;4.ETL Pipline 的工具開發與維護。;5.協助新系統上線。;6.數據工程的自動化、監控、與維運模組開發,軟體設計工程師、其他資訊專業人員、應用科學研究員,待遇面議（經常性薪資達4萬元或以上）,全職,台北市信義區,不需負擔管理責任,無需出差外派,日班,依公司規定,不限,2~8人,上班族,不拘,大學以上,不拘,英文--聽/中等、說/中等、讀/中等、寫/中等,ETL、hadoop、Hive,不拘,"【應徵條件】1.樂於分享,與其他團隊成員一同合作2.喜歡和熟悉程式開發流程及技巧3.具有Linux系統操作經驗4.具有Git使用經驗【加分條件】1.曾使用過Hadoop/Spark/Hive等大數據平台開發經驗2.熟悉大數據儲存及運算平台及ClouderaCDH各套件服務的建置與管理經驗3.曾使用過任一種streamingframework,例如:Sparkstreaming,曾開發過API4.具ETLpipeline的工具開發/維護經驗如:Airflow/Oozie/NIFI等"
【2020校徵】資料科學工程師,https://www.104.com.tw/job/6uloq?jobsource=2018indexpoc,國泰世華商業銀行股份有限公司_人力資源部,【工作說明】。;1. 數據介接、資料治理、數據市集與數據模型應用之程式開發維運。。;2. 數據應用分析、數據工程 API 程式開發維運。。;3. 數據應用之報表平台程式開發維運。。;【培訓歷程】。;1. 新人培訓：瞭解公司組織文化、各項業務專案實作。。;2. 輔導員機制：提供日常生活及業務上的各項幫助。。;3. 在職訓練：完善的內部在職教育訓練及外部進修課程，另有證照考照補助。,統計精算人員,"月薪30,000~50,000元",全職,台北市信義區,不需負擔管理責任,無需出差外派,日班,依公司規定,不限,1人,上班族、應屆畢業生,不拘,大學以上,統計學相關、資訊管理相關、資訊工程相關,英文--聽/精通、說/精通、讀/精通、寫/精通,Linux、Shell、ASP.NET、Java、Cognos、Informatica、Oracle、Tableau,不拘,【應徵條件】1.國內外大學畢業，資管/統計/資工相關科系【其他條件說明】1.具備程式撰寫能力(Java、Angular、ASP.NETCore尤佳)。2.熟悉Linux、Windows等作業環境。(了解Linux指令與shellscript尤佳)。
"【數據生態營運】資料科學工程師_ 數據管理 (數數發中心, DDT)",https://www.104.com.tw/job/6rkkm?jobsource=2018indexpoc,國泰世華商業銀行股份有限公司_人力資源部,1.數據介接、資料治理、數據市集與數據模型應用之程式開發維運。。;2.數據應用分析、數據工程 API 程式開發維運。。;3.數據應用之相關平台開發維運。 。;4.數據應用之相關專案開發維運。。;5.數據應用之報表平台程式開發維運。。;6.資料倉儲ETL程式開發及維運。,其他資訊專業人員、資料庫管理人員、MIS程式設計師,"月薪30,000~80,000元",全職,台北市信義區,不需負擔管理責任,無需出差外派,日班,依公司規定,不限,1~7人,上班族,不拘,大學以上,統計學相關、資訊管理相關、資訊工程相關,英文--聽/中等、說/中等、讀/中等、寫/中等,Linux、ASP.NET、Java、Cognos、Informatica、Oracle、Tableau,不拘,【擅長工具】1.具程式撰寫能力(Java、Angular、ASP.NETCore尤佳)。2.熟悉Linux、Windows等作業環境。(了解Linux指令與shellscript尤佳)。3.具備系統、網路、資料庫、企業資料倉儲、ETL工具(Informatica/SSIS/Trinity尤佳)與應用程式服務操作及管理能力。4.熟悉報表、圖表之展示及分析工具(Cognos/Tableau尤佳)。5.熟悉資料庫語言(SQLServer/Teradata/Oracle)。【其他條件】1.對資料、數據具高度敏感性與熱情。2.具備金融同業經驗及程式設計證照者尤佳。
"【數據生態營運】資料營運工程師 (數數發中心,DDT)",https://www.104.com.tw/job/6v7r3?jobsource=2018indexpoc,國泰世華商業銀行股份有限公司_人力資源部,【職務說明】。;1.資料倉儲(Teradata)的維運及程式開發。。;2.ETL平台(Trinity)規劃與設計、程式撰寫、單元測試工作。。;3.ETL問題追蹤管理及 ETL 資料流的工具開發與維護。。;4.系統文件撰寫。。;5.結構化及非結構化資料處理與整合。。;6.用資料導向概念提升各類業務，並導入系統以加強各項資料應用。 。;7.建立數據工程的自動化、監控、與維運模組開發。,營運管理師／系統整合／ERP專案師、資料庫管理人員、系統維護／操作人員,待遇面議（經常性薪資達4萬元或以上）,全職,台北市信義區,不需負擔管理責任,無需出差外派,日班,依公司規定,不限,2~8人,上班族,不拘,大學以上,不拘,英文--聽/中等、說/中等、讀/中等、寫/精通,Linux、ASP.NET、Java、Oracle、Teradata,不拘,【應徵條件】1.熟悉資料倉儲平台(Teradata尤佳)的建置與管理經驗。2.熟悉Linux、Windows等作業環境。(了解Linux指令與shellscript尤佳)。3.具程式撰寫能力(Java、Angular、ASP.NETCore尤佳)。4.具備系統、網路、資料庫、企業資料倉儲、ETL工具(Trinity尤佳)與應用程式服務操作及管理能力。5.對資料、數據具高度敏感性與熱情。6.熟悉資料庫語言(SQLServer/Teradata/Oracle)
【台北內湖】網路文字資料探勘分析(Text Mining/Data Crawler)演算法工程師,https://www.104.com.tw/job/5em7m?jobsource=2018indexpoc,兆洋資訊股份有限公司,"【Text Ming/Data Crawler演算法工程師】：。;1    負責大數據分析產品、雲端服務平台之演算法開發。;2    產品演算法邏輯設計、模型建立， Web Data Mining演算法系統化開發。;3.   開發網路資料探勘演算法。;4.   Optimize the crawler system to improve performance and stability 。;5.   Clean up the crawled data 。;6.   Query / statistics / analysis data 。;。;[About you] 。;1. Familiar with Web Data Crawler and Data Analytics。;2. Develop an identity verification login crawler 。;3. Familiar with Thread, Process, Data algorithm 。;4. Expertise in MySQL and database performance tunning 。;5. Expertise in Linux/Unix environments 。;6. Familiar with Docker 。;。;[Plus] 。;1. Analytical packages (Pandas、Scikit-learn、NLTK、Matplotlib) is a plus 。;2. Experienced in AWS, Azure, GCP is a plus 。;3. Data mining and machine learning algorithm experience is a big plus 。;4. Experienced in Hadoop / Spark is big plus 。;5. Experienced in Django is plus。;。;我們在尋找這樣的你：。;- 良好的邏輯思維能力，良好的數據解讀能力，能夠從海量數據中發現有價值的規律 。;- 碩士或博士以上學歷，資訊、電機、數學、統計等相關科系畢業者。;- 至少熟悉一種程式語言，例如：Python。;- 具實際程式開發撰寫與建模經驗尤佳。;。;",軟體設計工程師、演算法開發工程師、電腦系統分析師,待遇面議（經常性薪資達4萬元或以上）,全職,台北市內湖區堤頂大道二段181號2樓(東京企業總部),不需負擔管理責任,無需出差外派,日班,週休二日,不限,3~5人,上班族、應屆畢業生,不拘,碩士以上,資訊工程相關、數理統計相關、資訊管理相關,英文--聽/中等、說/中等、讀/中等、寫/中等,不拘,不拘,
資料庫程式工程師,https://www.104.com.tw/job/1yf7o?jobsource=2018indexpoc,商智資訊股份有限公司,資料庫程式工程師。;熟悉 SQL Server/Oracle/DB2 任一種資料庫操作,軟體設計工程師、資料庫管理人員、MIS程式設計師,"月薪28,000~75,000元",全職,台北市大安區復興南路2段363號3樓,不需負擔管理責任,需出差，一年累積時間未定,日班，9-18,依公司規定,不限,2~3人,上班族、應屆畢業生、外籍人士,1年以上,大學以上,不拘,英文--聽/中等、說/中等、讀/中等、寫/中等,DB2、MSSQL、Oracle,不拘,"1.熟資料庫SQL語法,指令及運用2.有StoreProcedurecoding一年(含)以上經驗3.熟悉SQLServer/Oracle/DB2任一種資料庫操作"
 [台北] AI Deep Learning / 人工智慧深度學習工程師 / 資料科學家,https://www.104.com.tw/job/59ye0?jobsource=2018indexpoc,安富科技股份有限公司,1.	Maintain the core computer vision services.。;2.	Build and Design a Machine Learning/ Deep Learning pipelines.  。;3.	Write clean and testable codes with design documents and unit tests. 。;4.	Implementing algorithms and ideas from public papers and technical reports.。;5.	Work with cross-functional teams.,演算法開發工程師、軟體設計工程師、韌體設計工程師,待遇面議（經常性薪資達4萬元或以上）,全職,台北市內湖區瑞光路258巷31號5樓(內湖科技園區),不需負擔管理責任,需出差，一年累積時間約三個月以下,日班,週休二日,不限,1人,上班族,2年以上,大學以上,資訊工程相關,不拘,不拘,不拘,"[Musttohave]1.FamiliarinC/C++/Python/Javadevelopment.2.Experienceofembeddedsystemsoftwaredevelopment.3.Abletoshareandpresentknowledgetoteammembers.4.BegoodatCross-functionalCollaboration.[Plus]Researchexperienceinoneoffollowingareas:1.MachineLearning/DeepLearning.2.NumericalOptimizationMethod.3.Statistics.4.ComputerVisioninImageClassification,ObjectDetection,PatternRecognition,etc."
【總公司】大數據應用課－資料工程師,https://www.104.com.tw/job/6ummh?jobsource=2018indexpoc,摩斯漢堡_安心食品服務股份有限公司,1. 協助資料倉儲管理;2. 協助ETL操作及資料清洗工程;3. 協助模型自動化佈署,資料庫管理人員、其他資訊專業人員、軟體設計工程師,"月薪35,000~38,000元",全職,台北市中山區松江路156-1號東元大樓10樓,不需負擔管理責任,無需出差外派,日班,週休二日,一個月內,1人,上班族,不拘,大學以上,資訊工程相關、數理統計相關、資訊管理相關,不拘,不拘,不拘,1.熟悉SQL、Python或R語言，並熟悉ETL流程或是ETL工具2.熟悉資料倉儲架構3.具團隊合作精神、良好邏輯思考能力
資料工程師 Data Scientist/Engineer ,https://www.104.com.tw/job/6sb12?jobsource=2018indexpoc,圓祐資訊股份有限公司,1. 協助建立非結構化資料庫及其資料分析演算法。。;2. 負責資料蒐集及處理各項數據、資料建模、ETL流程設計及演算法開發，並經梳理後產出使用。。;3. 運用平行處理架構設計高效處理與運用巨量資料。。;,軟體設計工程師、資料庫管理人員、演算法開發工程師,待遇面議（經常性薪資達4萬元或以上）,全職,台北市松山區民權東路三段144號7樓,不需負擔管理責任,無需出差外派,日班,週休二日,不限,1人,上班族、夜間就讀中、外籍人士、原住民、二度就業,不拘,專科以上,不拘,不拘,不拘,不拘,1.熟悉pyspark及mapreduce開發。2.具備金融產業系統開發經驗者尤佳。
資料庫工程師【SE五部】,https://www.104.com.tw/job/3zsrn?jobsource=2018indexpoc,聚碩科技股份有限公司,"1. Oracle Installation & Configuration。;2. Oracle Backup & Recovery。;3. Oracle Routine Maintenance Tasks。;4. Oracle Data Migration。;5. Basic SQL, PL/SQL",資料庫管理人員、系統維護／操作人員,"月薪32,000~45,000元",全職,台北市內湖區內湖路一段516號10樓,不需負擔管理責任,需出差，一年累積時間約一個月以下,日班,依公司規定,不限,2~3人,上班族,1年以上,專科、大學、碩士,不拘,英文--聽/中等、說/中等、讀/中等、寫/中等,不拘,不拘,1.具Oracle資料庫基本能力者佳2.具RedHatLinux作業系統基本能力者佳3.具自學能力及上進心者佳4.若有OracleOCA或OCP證照者尤佳
軟體專案工程師(資料庫專長),https://www.104.com.tw/job/6w641?jobsource=2018indexpoc,悠遊支付樂金融科技股份有限公司,。;	負責協助公司參與之專案，並緊密配合專案的執行，具備良好溝通、執行能力，依據交付項目完成專案。。;	熟悉資料庫設計及管理。。;	規格與技術文件之撰寫。。;	需國內出差。。;。;工作經驗:。;	軟體工程專案一年~二年經驗。。;	資訊相關科系背景或相關工作經驗。。;	參與過政府資訊系統標案/專案。。;,軟體設計工程師、電腦系統分析師,"月薪40,000元以上",全職,台北市內湖區洲子街79號7樓,不需負擔管理責任,無需出差外派,日班,依公司規定,不限,1人,上班族,1年以上,專科、大學、碩士,資訊工程相關,英文--聽/精通、說/精通、讀/精通、寫/精通,MSSQL、MySQL,資料庫系統管理維護、資料庫程式設計、資料庫軟體應用,需熟悉SQLSERVER。具備資料庫相關架構規劃與建置及技術支援等相關工作經驗尤佳。具備良好外文讀寫能力。需配合國內出差。具備跨系統跨平台整合實務經驗或中大型系統規劃經驗者佳。有專案管理或資訊相關證照為佳。有軟體開發經驗為佳。具備跨系統跨平台整合實務經驗或中大型系統規劃經驗者佳。參與過政府資訊系統標案/專案為佳。喜於挑戰新事物，提出可行之創新解決方案為佳。
系統工程師(資料備份管理),https://www.104.com.tw/job/2guqt?jobsource=2018indexpoc,中菲電腦股份有限公司,本公司為上櫃績優系統整合公司，IBM在台灣最大經銷商。。;本工作主要使用IBM之Power System AIX與AS/400主機，主要內容為安裝規劃、系統維護、客戶服務。。;本工作主要內容為備份系統與Storage安裝規劃、系統維護、客戶服務。。;歡迎具團隊精神、能接受挑戰有志於IT產業穩定發展的同志加入。。;。;需求:。;資訊相關科系畢業。;SAN Storage/Unix/資料庫系統管理相關工作經驗與認證。;具備備份系統使用與建置經驗(Veritas NBU/IBM TSM等)優先。;。;工作內容:。;系統維護與建置。;儲存環境管理建置。;備份系統建置。;客戶問題處理,產品售後技術服務,"月薪30,000~50,000元",全職,台北市內湖區行愛路151號,不需負擔管理責任,需出差，一年累積時間未定,日班，9:00~18:00,週休二日,兩週內,1~2人,上班族,2年以上,大學以上,資訊工程相關,英文--聽/略懂、說/略懂、讀/中等、寫/略懂,Linux、UNIX,不拘,具備Unix、Linux系統經驗／資料庫管理經驗／有相關認證者請提供
Data Engineer資料工程師,https://www.104.com.tw/job/58zi4?jobsource=2018indexpoc,CatchPlay_英屬蓋曼群島商威望國際娛樂股份有限公司台灣分公司,"Responsibility：。;1.Manage Data Management Systems。;1)Processes varying and volumes of Data and identify selecting the optimum methods and tools for data acquisition and provisioning are fast and reliable。;2)Determine transformation requirements and develop processes to bring structured and unstructured data from the source to a new physical data model。;。;2.Support with data exploratory , testing/validating。;1)Develop, operate, and monitor ETL for data collection, cleansing, processing, storage, and analytics 。;2)Develop data visualization to track data usage, server status, and represent data insights。;3)Support data scientists to ingest, integrate and pre-process data, in batch or streaming.。;。;",軟體設計工程師、Internet程式設計師、網路安全分析師,待遇面議（經常性薪資達4萬元或以上）,全職,台北市內湖區瑞光路480號10樓,不需負擔管理責任,無需出差外派,日班,依公司規定,不限,1人,上班族,3年以上,大學以上,資訊工程相關、數理統計相關、應用數學相關,英文--聽/中等、說/中等、讀/中等、寫/中等,Linux、UNIX、Java、Python、R、MySQL、AWS、Tableau,資料庫系統管理維護、資料庫程式設計、資料庫軟體應用,"Skills:1.Experiencewithimplementinghighlyscalablesystemsontopofcloudinfrastructures,suchasAWS.Hands-onETLjobdesign,componentsandmodulesindevelopmentofdataprocess.2.ExperienceofdatabaseadministratorandSQLperformancetuning.3.Desiredskills:Linux/Unix,AWS,MySQL,R,Python"
資料中心工程師,https://www.104.com.tw/job/6svag?jobsource=2018indexpoc,數位通國際網路股份有限公司,1. IDC 機房設備監控。。;2. IDC 機房進出人員管理。。;3. Collocation 客戶服務。。;4. Remote hands/eyes support。,資訊助理人員、系統維護／操作人員、資訊設備管制人員,"月薪27,000~35,000元",全職,台北市內湖區陽光街248號4樓(近公車站牌步行5分鐘)(內湖科技園區),不需負擔管理責任,無需出差外派,日班/晚班/大夜班/假日班，需輪班,依公司規定,一個月內,1人,上班族、應屆畢業生,不拘,大學,不拘,英文--聽/中等、說/中等、讀/中等、寫/中等,Linux、Windows10、Excel、Outlook、PowerPoint、Word,不拘,1.熟悉Windows、Linux...等作業系統。2.具備網路基本概念。3.具機房管理經驗尤佳。4.需輪值夜班。
MySQL資料庫管理工程師,https://www.104.com.tw/job/6wbmd?jobsource=2018indexpoc,亞果創新有限公司,"工作內容。;1、 負責公司所有資料庫的故障處理、部署、安裝、升級、備份和資料移轉。 。;2、 制定資料庫備份計畫,災難出現時對資料庫資訊進行恢復。 。;3、 解決用戶端中間層和伺服器的連結問題，保證安全連接。 。;4、 熟悉資料庫系統的存儲結構預測未來的存儲需求,制訂資料庫的存儲方案。 。;5、 根據開發人員設計的應用系統需求創建資料庫存儲結構、資料庫物件。 。;6、 根據開發人員的回饋資訊,在必要的時候修改資料庫的結構。 。;7、 監控和優化資料庫的性能。。;工作職責。;1、維護線上資料的穩定，構建資料庫的高可用、自動化、監控體系。。;2、維護資料庫的日常運維、資料安全、性能優化、故障處理及前沿技術研究。。;3、協助業務人員，更好的使用資料庫。。;4、打造業界領先的金融級資料庫自動化運維平臺。。;。;",資料庫管理人員、網路管理工程師、系統維護／操作人員,"月薪60,000~120,000元",全職,台北市大安區忠孝東路四段169號12樓,不需負擔管理責任,無需出差外派,日班/晚班/大夜班，需輪班,依公司規定,不限,2~3人,上班族,3年以上,專科以上,不拘,不拘,不拘,不拘,1.三年以上MySQLDBA工作經驗，精通MySQL資料庫內部體系結構和原理。2.負責MySQL資料庫日常管理和維護，對現有資料系統的穩定性、高可用性、擴展性的相關保障工作。3.負責性能監控和調優，能夠對業務需求和事故及時回應，調整資料庫設計建議。4.極強的SQL掌控能力和資料模型設計，負責審核新業務上線的資料庫代碼審核與部署。5.能夠進行資料庫引擎、SQL語句和讀寫分離的優化分析/設計，並具有高併發下讀寫分離維護經驗。6.深入瞭解MySQLReplicat技術細節和高可用方案，熟練搭建主從同步\備份和資料修復。7.精通SQL程式設計，熟悉複雜存儲過程、函數等的編寫，具備較好SQL優化能力。8.熟悉Linux運維管理，至少熟練shell或python一種指令碼語言開發。9.有良好的工作態度與團隊合作精神，工作認真負責，能承受較大的工作壓力。
資料庫維運工程師,https://www.104.com.tw/job/6kwwk?jobsource=2018indexpoc,優訊軟體科技有限公司,1.	對於資料庫系統進行規劃、安裝與建置。。;2.	管理各項資料庫資源使用，包含使用數量、權限管理、使用空間、系統資源（CPU、Memory、IO）等。。;3.	監控資料庫效能，並適時針對相關參數或協助開發人員進行 SQL語法效能優化。。;4.	針對資料庫問題進行診斷、性能監控、評估以及核心參數調整配置提出建議和實施計畫。。;5.	規劃、執行資料庫資料備援及回復計畫。。;6.	提供諮詢並協助處理資料庫的相關問題。。;7.	按照規劃時程進行相關Oracle資料庫維運工作。。;8.	協助 Application Support團隊提供所需的資料庫服務。。;9.	與團隊和其他部門合作，共同進行新技術研究和測試。。;10.	其他主管交辦事項。,資料庫管理人員、MIS程式設計師、系統維護／操作人員,待遇面議（經常性薪資達4萬元或以上）,全職,台北市內湖區基湖路10巷57號5樓,不需負擔管理責任,無需出差外派,日班,週休二日,不限,1人,上班族、二度就業,3年以上,專科以上,資訊工程相關、資訊管理相關、通信學類,英文--聽/中等、說/中等、讀/中等、寫/中等,Linux、Shell、UNIX,伺服器網站管理維護、資料備份與復原、資料庫系統管理維護、資料庫程式設計、資料庫軟體應用、系統架構規劃與維護、安裝與維護網路安全系統,"1.Unix/Unix-Like(CentOS/RedHat/Ubuntu)系統，能編寫Shell腳本。2.瞭解分散式存儲架構,性能及發展趨勢和磁碟陣列等相關知識，有SANStorage建置、操作及管理經驗者佳。3.具備英語閱讀能力。4.具備自我學習能力，且能自我激勵、主動，能表現出創造力和批判性思維的能力。良好的溝通協調能力及積極主動者。【加分項目-工作條件】1.具資料庫管理維運經驗。2.具管理和備份恢復策略經驗者佳。3.具SQL編寫和對資料庫物件（表、視圖、索引、存儲過程、函數、包）特性的掌握，交易處理、動態SQL、游標、異常處理等的相關經驗。"
D4000 資料庫管理工程師(MS SQL),https://www.104.com.tw/job/58h6h?jobsource=2018indexpoc,富邦媒體科技股份有限公司(富邦momo),SQL SERVER、PostgreSQL資料庫維護管理、效能調校及障礙處理。。;,Internet程式設計師、軟體設計工程師、資料庫管理人員,待遇面議（經常性薪資達4萬元或以上）,全職,台北市內湖區洲子街96號4樓(內湖科技園區),不需負擔管理責任,無需出差外派,日班，09:00~18:00,依公司規定,一個月內,1~2人,上班族、原住民,1年以上,專科以上,不拘,英文--聽/略懂、說/略懂、讀/略懂、寫/略懂,MSSQL,資料庫系統管理維護,1.需具一年以上SQLSERVER資料庫管理相關經歷。2.熟悉關聯式資料庫、SQL語言。3.具MCSA等相關證照尤佳。4.具PostgreSQL管理經驗者佳。*如經面試錄取後，報到時須繳交「體格檢查表(一般)」，請於報到前自行至醫療機構辦理體檢*
Data Engineer / 資料工程師,https://www.104.com.tw/job/5jh6a?jobsource=2018indexpoc,瑞嘉軟體科技股份有限公司,"•  Design and implement software systems and tools for internal process automation based on data mining and machine learning techniques.。;•  Design, implement, and operate data analytics platforms for business intelligence analysis.。;•  Provide data insights and develop data intelligence solutions/reports for business decisions.。;•  Work with other teams to assist with data-related technical issues and support their data infrastructure needs.。;•  Evaluate and identify the use of new or existing software products and technologies.。;•  Perform other duties as necessary.",軟體設計工程師、其他資訊專業人員,待遇面議（經常性薪資達4萬元或以上）,全職,台北市內湖區瑞湖街58號8樓,不需負擔管理責任,無需出差外派,日班,週休二日,不限,1~2人,上班族,1年以上,大學、碩士,不拘,不拘,不拘,不拘,"【MUSTTOHAVE】•B.S.inComputerScienceorarelatedtechnicalfield.•Minimum1yearofprogrammingorscriptingexperience,e.g.Python,R,C#.•Experiencewithdatacleaning,visualization,andreporting.•Goodunderstandingofdataminingandmachinelearningtechniques.•KnowledgeofSQLdatabasesanddatabasequerylanguages.【NICETOHAVE】•Experiencewithprocessinglarge,multi-dimensionaldatasetsisaplus.•ExperiencewithNoSQLisaplus.•Goodteamworkandcommunicationskills.•CandidatewithcertificationfromMinistryofEconomicAffairs(iPAS)haspriorityinterview!BDA•持有經濟部能力鑑定(iPAS)證書者優先面試!BDA"
D4000 資料工程師,https://www.104.com.tw/job/5s4ut?jobsource=2018indexpoc,富邦媒體科技股份有限公司(富邦momo),1. 負責巨量資料探勘，參與數據模型建立，並優化模型架構。。;2. 協助巨量資料系統規劃及開發，線上營運，架構完整數據服務平台。,演算法開發工程師、軟體設計工程師、Internet程式設計師,待遇面議（經常性薪資達4萬元或以上）,全職,台北市內湖區洲子街96號4樓(內湖科技園區),不需負擔管理責任,無需出差外派,日班，09:00~18:00,依公司規定,一個月內,2人,上班族、原住民,3年以上,大學以上,數學及電算機科學學科類、統計學相關,英文--聽/中等、說/中等、讀/精通、寫/中等,不拘,不拘,1.熟悉大量資料處理及分析。2.熟悉數據相關語言開發，如Java、Scala、Python。3.有使用GCP數據相關工具經驗，如Bigquery、DataFlow等等。*如經面試錄取後，報到時須繳交「體格檢查表(一般)」，請於報到前自行至醫療機構辦理體檢*
資料工程師(資訊部),https://www.104.com.tw/job/6dcfl?jobsource=2018indexpoc,三立電視台_三立電視股份有限公司,1.巨量數據資料蒐集、整理、清洗與運算。;2.熟悉資料庫之SQL語法執行ETL資料轉換作業。;3.使用者行為分析。;4.Data Visualization。;5.建立數據模型、人工智慧機器學習 (AI / ML)。;6.後端程式系統開發,電腦系統分析師、軟體設計工程師、演算法開發工程師,待遇面議（經常性薪資達4萬元或以上）,全職,台北市內湖區舊宗路一段159號1樓(114),不需負擔管理責任,無需出差外派,日班,依公司規定,不限,1~2人,上班族、原住民,1年以上,專科、大學、碩士,不拘,不拘,不拘,不拘,1.熟悉Python2.熟悉Relationaldatabase/NoSQL資料庫3.熟悉AWS架構4.熟悉Linux系統5.具資料分析相關經驗1年以上
SQL Developer | 資料庫工程師,https://www.104.com.tw/job/6nn99?jobsource=2018indexpoc,Nexio Technology Limited_睿世軟體科技股份有限公司,1. 管理資料庫使用 (連線數，權限，使用空間......)。;2. 系統效能調校。;3. 資料庫備援。;4. 資料庫線上問題盤查(需要on call)。;,資料庫管理人員、Internet程式設計師、軟體設計工程師,待遇面議（經常性薪資達4萬元或以上）,全職,台北市內湖區洲子街57號6樓,不需負擔管理責任,無需出差外派,日班,依公司規定,不限,1~2人,上班族、原住民,1年以上,大學、碩士,數學及電算機科學學科類,英文--聽/中等、說/中等、讀/中等、寫/中等,不拘,不拘,1.大專以上畢業2.一年以上開發工作經驗3.撰寫ApplicationSQL經驗4.對Database工作有熱忱5.有心往DBA方向發展加分項：1.懂Linuxbase基本指令2.懂Postgresql
產品企劃工程師-資料擷取與控制(內湖),https://www.104.com.tw/job/5im3j?jobsource=2018indexpoc,Advantech_研華股份有限公司,資料擷取與控制類產品，市場研調、產品規劃、專案進度管理、產品行銷。。;,產品企劃開發人員、其他專案管理師,待遇面議（經常性薪資達4萬元或以上）,全職,台北市內湖區瑞光路26巷20弄1號,不需負擔管理責任,無需出差外派,日班,依公司規定,不限,1人,上班族,2年以上,大學、碩士,工程學科類,英文--聽/精通、說/精通、讀/精通、寫/精通,不拘,不拘,國立大學研究所工科背景，自動化相關科系尤佳。有資料擷取與控制相關產品經驗，有PM經驗更佳。
PostgreSQL資料庫工程師,https://www.104.com.tw/job/6maa7?jobsource=2018indexpoc,德安資訊股份有限公司,1.現行Oracle、PostgreSQL 資料庫管理與優化。 。;2.參與資料庫建置，並對系統架構規劃提供建議。 。;3.資料庫效能分析，針對相關參數及SQL Tuning 進行調校。 。;4.資料庫維護與異常排除。 。;5.規劃、執行資料庫資料備援及回覆計畫。。;6.撰寫Stored procedure 或JAVA應用於後端應用系統。,軟體設計工程師、Internet程式設計師、資料庫管理人員,待遇面議（經常性薪資達4萬元或以上）,全職,台北市中山區松江路309號8樓,不需負擔管理責任,無需出差外派,日班，9:00~18:00,週休二日,不限,1人,上班族,2年以上,大學、碩士,資訊管理相關、資訊工程相關,不拘,Java、Oracle、PostgreSQL,不拘,熟悉Oracle11g，2年以上資料庫管理經驗者尤佳熟悉SQL、PL/SQL撰寫熟ERP資訊系統管理尤佳
系統及資料庫工程師,https://www.104.com.tw/job/3cutt?jobsource=2018indexpoc,德義資訊股份有限公司,1.建置、管理與維護公司系統。。;2.開發MIS系統的功能，以符合企業需求，需撰寫Oracle PL/ SQL。。;3.產出公司報表。,MIS程式設計師、資料庫管理人員,待遇面議（經常性薪資達4萬元或以上）,全職,台北市內湖區,不需負擔管理責任,無需出差外派,日班,依公司規定,一個月內,1~2人,上班族,不拘,高中以上,不拘,不拘,Oracle、PL/SQL,作業系統基本操作、資訊設備環境設定、資料庫程式設計,未填寫
[駐點] DBA 資料庫工程師,https://www.104.com.tw/job/6b4it?jobsource=2018indexpoc,誠霖創研股份有限公司,。;● 工作地點：內湖。;● 職務性質：約聘。;。;『技能需求』。;1. 資料庫架構評估、規劃與建置。 。;2. 資料庫備份規劃與建置。 。;3. 資料庫安全機制規劃與建置。 。;4. 資料庫效能調校，並針對OS，Instance相關參數及SQL進行調校。。;,軟體設計工程師、Internet程式設計師、資料庫管理人員,待遇面議（經常性薪資達4萬元或以上）,全職,台北市內湖區,不需負擔管理責任,需外派，一年累積時間未定,日班,週休二日,一個月內,1~2人,上班族,2年以上,大學以上,資訊管理相關、資訊工程相關,不拘,MSSQL,不拘,未填寫
V (數位)大數據資料工程師,https://www.104.com.tw/job/6rn5w?jobsource=2018indexpoc,中國人壽保險股份有限公司(總公司),1.協助數據分析人員進行資料清洗及轉置。;2.維護資料接口ETL、分析資料集載入ETL與相關資料存儲管理。;3.分析單位大數據資料平台維運管理。;,軟體設計工程師、演算法開發工程師、統計精算人員,待遇面議（經常性薪資達4萬元或以上）,全職,台北市松山區敦化北路122號,不需負擔管理責任,無需出差外派,日班，08:30~17:30,週休二日,不限,1人,上班族,3年以上,大學、碩士,不拘,不拘,不拘,不拘,◎基本條件：具備Python程式語言能力熟悉SQL語言具基礎Hadoop及其Eco-system知識具基本Linux系統指令操作能力具高度學習成長能力、主動積極、配合度高有興趣發展成為DataEngineer者優先◎加分技能：熟悉Hive或HBase並運用相關工具處理資料熟悉mongoDB操作熟悉壽險運作及資料具備探索式資料分析(EDA)技能具備ETL腳本、luigi批處理等開發佈署經驗
樂天銀行(純網銀)_資料庫管理工程師,https://www.104.com.tw/job/6w87z?jobsource=2018indexpoc,樂天國際商業銀行股份有限公司(籌備處),。;透過參與專案負責規劃銀行資料庫架構，進行資料庫最佳化設計、標準化作業及備份、備援，在日常維運部份負責資料庫系統管理、監控、效能分析調校及異常處理，透過專案實作與背景多元的團隊成員合作，共同實現專案目標。,資料庫管理人員,待遇面議（經常性薪資達4萬元或以上）,全職,台北市中山區松江路433號11樓,不需負擔管理責任,無需出差外派,日班,依公司規定,不限,1人,上班族、應屆畢業生、原住民、二度就業,5年以上,大學、碩士,資訊工程相關、資訊管理相關,英文--聽/略懂、說/略懂、讀/略懂、寫/略懂,不拘,不拘,工作內容與條件如下:1.負責資料庫系統日常維運管理工作。2.與應用開發單位溝通，製作客製化報表。3.資料庫日常監控，異常處理。4.資料轉置與資料同步的規劃設計與實作。5.具備3年金融或資訊相關領域經驗者尤佳。6.具備資料萃取（Extract）、轉換（Transform）、載入（Load）的專案或跨平台資料轉置、同步的經驗者尤佳。
產品應用工程師(內湖)-研華物聯網資料擷取輸入/輸出模組(IoT Data Acquisition I/O Module),https://www.104.com.tw/job/5em0o?jobsource=2018indexpoc,Advantech_研華股份有限公司,本職位主要負責研華工業自動化事業群資料擷取控制模組Advantech Data Acquisition Module(ADAM)與無線物聯網感測模組Wireless IoT Sensing devicE(WISE)產品相關技術支援，內容包括:。;1. Acting as HQ product application engineer by providing technical support to global regional FAEs as well as pre-sale support to global sales force。;協助客戶處理研華工業自動化事業群ADAM與WISE等相關產品應用問題，提供應用範例或文件並教導客戶使用產品，另針對特定整合專案提供事前咨詢以及事後產品技術支援。。;2. 分析、解決產品問題。;透過全球FAE回饋現場資訊，複製現場客戶應用問題後進行分析，與產品部RD合作解決問題。。;3. 新產品測試。;新產品研發階段，以客戶角度進行產品應用面評估測試，在使用者友善介面及特殊軟硬體應用，提供產品部建議，增強產品使用者友善功能。。;4. 產品教育訓練。;不定期提供國內外合作Partner及內部同仁產品訓練課程。,產品售後技術服務,待遇面議（經常性薪資達4萬元或以上）,全職,台北市內湖區瑞光路26巷20弄1號,不需負擔管理責任,無需出差外派,日班,依公司規定,不限,1人,上班族,不拘,大學、碩士,電機電子工程相關、機械工程相關、資訊工程相關,英文--聽/精通、說/精通、讀/精通、寫/精通,不拘,不拘,"1.學歷:研究所(含)以上,電子/電機/機械/資工相關科系畢業優先入取2.熟悉數位輸入、輸出(DigitalInput/Output)、類比輸入(AnalogInput)、繼電器(Relay)等各種不同的擷取和控制方式3.熟悉VisualStudioC/C++/C#中至少一種程式語言4.Linux相關操作經驗,瞭解基本指令.具備基本ShellScript能力經驗尤佳5.熟悉Serial/Ethernet/Wireless通訊原理6.具有工業自動化或資訊相關產業經驗者佳7.英文能力:聽說讀寫精通8.優先面試經濟部工業局DIGI⁺Talent計畫之結訓研習生(IOT)"
【關係企業】MySQL DBA / 資料庫開發&管理工程師,https://www.104.com.tw/job/6vclr?jobsource=2018indexpoc,瑞嘉軟體科技股份有限公司,"•Familiar with Linux. 。;•Lead the effort on database performance and optimization. 。;•Implement and release database changes according to agreed schedule. 。;•Experience in open source DB database management (e.g. MySQL, MariaDB etc) 。;        •Experience with system and database monitoring, including network connection, system status, SQL statement tuning. 。;        •Experience with utilizing tools, shell scripts to solve routine tasks.。;•Experience with cluster architecture。;• Experience with database system planning, design, build, restore, upgrade, backup management is a plus. 。;• Willing to cooperate with weekday / holiday shift.",資料庫管理人員,待遇面議（經常性薪資達4萬元或以上）,全職,台北市內湖區瑞湖街103號,不需負擔管理責任,無需出差外派,日班,依公司規定,不限,1~2人,上班族,2年以上,專科、大學、碩士,不拘,英文--聽/略懂、說/略懂、讀/中等、寫/中等,不拘,不拘,【加分項目-工作條件】•使用及管理MySQLoropensourceDB經驗1年以上•具DBServerConsolidation經驗•熟悉DB壓力測試方法論與實作•相關Domain經驗：-管理大型遊戲or交易網站1年以上之經驗-遊戲平台開發經驗-金流平台開發經驗•語文能力：可使用英語流暢溝通對談、文件製作與線上文字溝通•專案管理：具有專案管理經驗，熟悉建立WBS並預估時程•擁有DB相關證照•熟悉E-RDiagram工具【加分項目-個性與人格特質】•主動積極、高EQ、善溝通、重團隊、有責任心•具解決問題的獨立思考能力，學習意願高及勇於接受挑戰•抗壓性高，能在指定時間內完成資料庫相關工作•個人操守：誠實
【DBA】MySQL DBA / 資料庫開發&管理工程師,https://www.104.com.tw/job/6k5nz?jobsource=2018indexpoc,瑞嘉軟體科技股份有限公司,"•Familiar with Linux. 。;•Lead the effort on database performance and optimization. 。;•Implement and release database changes according to agreed schedule. 。;•Experience in open source DB database management (e.g. MySQL, MariaDB etc) 。;        •Experience with system and database monitoring, including network connection, system status, SQL statement tuning. 。;        •Experience with utilizing tools, shell scripts to solve routine tasks.。;•Experience with cluster architecture。;• Experience with database system planning, design, build, restore, upgrade, backup management is a plus. 。;• Willing to cooperate with weekday / holiday shift.",資料庫管理人員,待遇面議（經常性薪資達4萬元或以上）,全職,台北市內湖區瑞湖街58號8樓,不需負擔管理責任,無需出差外派,日班,依公司規定,不限,1~2人,上班族,2年以上,專科、大學、碩士,不拘,英文--聽/略懂、說/略懂、讀/中等、寫/中等,不拘,不拘,【加分項目-工作條件】•使用及管理MySQLoropensourceDB經驗1年以上•具DBServerConsolidation經驗•熟悉DB壓力測試方法論與實作•相關Domain經驗：-管理大型遊戲or交易網站1年以上之經驗-遊戲平台開發經驗-金流平台開發經驗•語文能力：可使用英語流暢溝通對談、文件製作與線上文字溝通•專案管理：具有專案管理經驗，熟悉建立WBS並預估時程•擁有DB相關證照•熟悉E-RDiagram工具【加分項目-個性與人格特質】•主動積極、高EQ、善溝通、重團隊、有責任心•具解決問題的獨立思考能力，學習意願高及勇於接受挑戰•抗壓性高，能在指定時間內完成資料庫相關工作•個人操守：誠實
F 資料分析運用工程師,https://www.104.com.tw/job/6pfne?jobsource=2018indexpoc,中國人壽保險股份有限公司(總公司),1.規劃以「數據驅動」為主之商業解決方案，跨部門業務合作，推動公司數據創新轉型。;2.支援行相關單位資料分析需求之討論與實施建議 。;3.依據需求進行資料整理、資料市集與資料流程規劃與建置。;4.運用資料分析技術與數據展現工具呈現分析結果,資料庫管理人員、電腦系統分析師、軟體相關專案管理師,待遇面議（經常性薪資達4萬元或以上）,全職,台北市松山區敦化北路122號,不需負擔管理責任,無需出差外派,日班，8:30~17:30,週休二日,不限,4人,上班族,不拘,大學以上,不拘,不拘,不拘,不拘,1.國內外大學(含以上)畢業，統計/應數/資工/資管相關科系尤佳2.具2年以上商業數據資料採集與處理分析實務經驗3.具保險或銀行產業工作經驗尤佳4.具需求訪談與需求分析能力5.具依據業務及技術需求設計DataMart能力6.資料分析、結果展現、意義解讀、簡報能力7.具資料分析團隊領導管理經驗8.具專案管理能力9.個性主動積極、抗壓性高、溝通協調技巧佳10.對數據形成背後的原因具好奇心，並具數據運用推廣熱情
資料工程師(NC-痞客邦研發中心),https://www.104.com.tw/job/5v3r1?jobsource=2018indexpoc,PIXNET_優像數位媒體科技股份有限公司,PIXInsight Data Team，現正在招募新夥伴的加入。讓我們一起建立更加穩固、反應更快速的資料管道，作為資料驅動的神經系統，為 PIXNET 全站 8 億篇文章，以及每日700多萬訪客所產生的巨量資料，打造更加全面、易用的資料分析平台，支持 PIXNET 實現「Guide to SMART Life」的目標。。;。;工作項目如下：。;1.開發與維護 data pipeline。;2.資料管理平台之 Web (前)後端、API 開發。;3.資料庫報表程式開發。;4.各種資料應用服務之程式開發。;,電腦系統分析師、其他資訊專業人員,待遇面議（經常性薪資達4萬元或以上）,全職,台北市中山區民生東路三段51號12樓,不需負擔管理責任,無需出差外派,日班,週休二日,不限,1人,上班族、應屆畢業生,不拘,大學以上,不拘,不拘,Linux、UNIX、PHP、Python、MySQL,不拘,"基本條件：1.熟悉Linux作業系統操作2.Python程式語言3.SQL與關聯式資料庫使用經驗4.對於資料工程，開發與建置自動化、穩定的datapipeline有興趣5.良好的溝通、表達、協同合作能力加分項目：1.網站前/後端/WebAPI開發經驗(使用Python或PHP)2.GoogleCloudPlatform使用經驗3.熟悉Python物件導向程式設計,DesignPattern4.搜尋引擎(如:Elasticsearch,Solr)應用開發、搜尋結果調校經驗5.NoSQLdatabase使用經驗，例如MongoDB,Redis6.Fluentd,Spark,Kafka等使用經驗"
F-大數據資料工程師,https://www.104.com.tw/job/64z4v?jobsource=2018indexpoc,中國人壽保險股份有限公司(總公司),1.協助數據分析人員進行資料清洗及轉置。;2.維護資料接口ETL、分析資料集載入ETL與相關資料存儲管理。;3.分析單位大數據資料平台維運管理。;,軟體設計工程師、演算法開發工程師、統計精算人員,待遇面議（經常性薪資達4萬元或以上）,全職,台北市松山區敦化北路122號,不需負擔管理責任,無需出差外派,日班，08:30~17:30,週休二日,不限,1人,上班族,3年以上,大學、碩士,不拘,不拘,不拘,不拘,◎基本條件：具備Python程式語言能力熟悉SQL語言具基礎Hadoop及其Eco-system知識具基本Linux系統指令操作能力具高度學習成長能力、主動積極、配合度高有興趣發展成為DataEngineer者優先◎加分技能：熟悉Hive或HBase並運用相關工具處理資料熟悉mongoDB操作熟悉壽險運作及資料具備探索式資料分析(EDA)技能具備ETL腳本、luigi批處理等開發佈署經驗
高級資料工程師(NC-痞客邦研發中心),https://www.104.com.tw/job/6lyi1?jobsource=2018indexpoc,PIXNET_優像數位媒體科技股份有限公司,PIXInsight Data Team，現正在招募新夥伴的加入。讓我們一起建立更加穩固、反應更快速的資料管道，作為資料驅動的神經系統，為 PIXNET 全站 8 億篇文章，以及每日700多萬訪客所產生的巨量資料，打造更加全面、易用的資料分析平台，支持 PIXNET 實現「Guide to SMART Life」的目標。。;。;工作項目如下：。;1.開發與維護 data pipeline。;2.資料管理平台之 Web (前)後端、API 開發。;3.資料庫報表程式開發。;4.各種資料應用服務之程式開發。;5.規劃新技術導入。;6.帶領(Junior)軟體工程師進行軟體開發專案。;。;,電腦系統分析師、其他資訊專業人員,待遇面議（經常性薪資達4萬元或以上）,全職,台北市中山區民生東路三段51號12樓,不需負擔管理責任,無需出差外派,日班,週休二日,不限,1人,上班族、應屆畢業生,2年以上,大學以上,不拘,不拘,Linux、UNIX、PHP、Python、MySQL,不拘,"基本條件：1.熟悉Linux作業系統操作2.Python程式語言3.SQL與關聯式資料庫使用經驗4.對於資料工程，開發與建置自動化、穩定的datapipeline有興趣5.良好的溝通、表達、協同合作能力加分項目：1.網站前/後端/WebAPI開發經驗(使用Python或PHP)2.GoogleCloudPlatform使用經驗3.熟悉Python物件導向程式設計,DesignPattern4.搜尋引擎(如:Elasticsearch,Solr)應用開發、搜尋結果調校經驗5.NoSQLdatabase使用經驗，例如MongoDB,Redis6.Fluentd,Spark,Kafka等使用經驗"
F 資料工程師,https://www.104.com.tw/job/6pfln?jobsource=2018indexpoc,中國人壽保險股份有限公司(總公司),1.規劃以「數據驅動」為主之商業解決方案，跨部門業務合作，推動公司數據創新轉型。;2.內部需求訪談、資料整合分析與設計。;3.設計具備效率、規模、品質之資料模型，以及自動化之資料介接流程。;4.資料萃取、清理、轉換與分析。;5.ETL程式開發、維護及測試。;6.數據平台之開發與維運。;7.進行各項資料服務專案,資料庫管理人員、電腦系統分析師、軟體設計工程師,待遇面議（經常性薪資達4萬元或以上）,全職,台北市松山區敦化北路122號,不需負擔管理責任,無需出差外派,日班，8:30~17:30,週休二日,一個月內,1~6人,上班族,2年以上,大學以上,不拘,不拘,Java、Python、R、MSSQL,不拘,1.國內外大學(含以上)畢業，資工/資管/應數/統計相關科系尤佳2.具2年以上商業數據資料採集與處理分析實務經驗3.具保險或銀行產業工作經驗尤佳4.具SQL資料庫程式撰寫能力5.具Python、R、Java、.Net任一程式語言開發能力6.具依據業務及技術需求設計DataSchema能力7.熟悉任一RDBMS或NoSQL資料庫，具DBA技能與經驗尤佳8.熟悉ETL流程及任一ETL工具9.具資料倉儲或商業智慧分析(BI)平台建置經驗者尤佳10.個性主動積極、抗壓性高、溝通技巧佳、團隊配合度高11.對數據形成背後的原因具好奇心
ETL 資料工程師,https://www.104.com.tw/job/5q6kz?jobsource=2018indexpoc,中國人壽保險股份有限公司(總公司),1.ETL程式設計及系統日常維運。;2.需求訪談、系統分析，系統需求規格書文件。。;3.撰寫測試計畫、測試個案。。;,軟體設計工程師、電腦系統分析師,待遇面議（經常性薪資達4萬元或以上）,全職,台北市松山區敦化北路122號,不需負擔管理責任,無需出差外派,日班，08:30~17:30,週休二日,不限,1~2人,上班族,1年以上,大學、碩士,不拘,不拘,不拘,不拘,1.熟悉Oracle或MSSQLServer資料庫及SQL語法2.具ETL資料轉換作業(ETLJobDeveloping、IBMDataStage、Trinity)實務經驗1年以上。3.具壽險系統經驗尤佳
【DBA】SQL Server Database Developer / 資料庫開發&管理工程師,https://www.104.com.tw/job/49ko5?jobsource=2018indexpoc,瑞嘉軟體科技股份有限公司,"•  Familiar with T-SQL and SP Coding.。;•  Lead the effort on database performance and optimization.。;•  Implement and release database changes according to agreed schedule.。;•  Experience in database management (SQL Server 2008/2012/2014/2016, MySQL, etc.)。; ▪  Experience with system and database monitoring, including network 。;connection, system status, sql execution plan. 。;▪  Experience with utilizing tools, scripts to solve routine tasks. 。;•  Experience with database system planning, design, build, restore, upgrade 。; ,backup management is a plus.。;•  Willing to cooperate with weekday / holiday shift.",資料庫管理人員,待遇面議（經常性薪資達4萬元或以上）,全職,台北市內湖區瑞湖街58號8樓,不需負擔管理責任,無需出差外派,日班,依公司規定,不限,1~2人,上班族,2年以上,專科、大學、碩士,不拘,英文--聽/略懂、說/略懂、讀/略懂、寫/略懂,不拘,不拘,【加分項目-工作條件】•使用及管理MSSQLServerReplication(Transactional)經驗1年以上•具DBServerConsolidation經驗•熟悉DB壓力測試方法論與實作•相關Domain經驗：-管理大型遊戲or交易網站1年以上之經驗-遊戲平台開發經驗-金流平台開發經驗•語文能力：可使用英語流暢溝通對談、文件製作與線上文字溝通•專案管理：具有專案管理經驗，熟悉建立WBS並預估時程•擁有DB相關證照•熟悉E-RDiagram工具【加分項目-個性與人格特質】•主動積極、高EQ、善溝通、重團隊、有責任心•具解決問題的獨立思考能力，學習意願高及勇於接受挑戰•抗壓性高，能在指定時間內完成資料庫相關工作•個人操守：誠實
★【台北】內湖科技公司徵-java工程師/IOS工程師/資料庫維運工程師,https://www.104.com.tw/job/6laqs?jobsource=2018indexpoc,台灣英特艾倫人力資源有限公司,"java:。;1.軟體之設計、開發。同時利用相對應之硬體、資料庫以及編寫程式之技術測試以及故障排除。。;2.具備開發新專案在程式上設計架構與模組化能力。。;3.對所開發的系統編寫和維護完善文件。。;4.配合專案項目進行各方面如效能、可行性分析及系統功能設計。。;5.精化處理數據和格式化，改進最終產品。。;6.評估程序之間之相互關聯，確認在原定開發計畫中某部分開發是否有其他副作用產生。。;7.分析系統性能，並在與用戶協商及公司開發基礎上進行優化。。;8. 項目開發管理 計畫、執行及控管。;9. 溝通理解能力佳，具備換位思考能力，能清晰了解技術與商業邏輯相互間之影響。。;~~~~~~~~~~~~~~~~~~~~~~~~~~~~~~~。;*IOS:。;1.負責在iOS平臺上的應用開發。。;2.根據產品功能模組設計，編碼實現各模組功能，並確保開發品質。。;3.參與軟體需求分析，模組設計，單元測試等工作。。;4.參與移動平臺軟體框架的研究，設計和實現、關鍵技術驗證等工作。。;5.負責移動應用產品的使用者體驗優化。。;6.為產品後期運營提供升級、維護等技術支援。。;7.配合策劃、美術設計等團隊，完成開發工作。。;_____________________________________________。;資料庫維運:。;1. 對於資料庫系統進行規劃、安裝與建置。。;2. 管理各項資料庫資源使用，包含使用數量、權限管理、使用空間、系統資源（CPU、Memory、IO）等。。;3. 監控資料庫效能，並適時針對相關參數或協助開發人員進行 SQL語法效能優化。。;4. 針對資料庫問題進行診斷、性能監控、評估以及核心參數調整配置提出建議和實施計畫。。;5. 規劃、執行資料庫資料備援及回復計畫。。;6. 提供諮詢並協助處理資料庫的相關問題。。;7. 按照規劃時程進行相關Oracle資料庫維運工作。。;8. 協助 Application Support團隊提供所需的資料庫服務。。;9. 與團隊和其他部門合作，共同進行新技術研究和測試。。;其他條件:。;1. Unix/Unix-Like(CentOS/RedHat/Ubuntu)系統，能編寫Shell腳本。。;2. 瞭解分散式存儲架構,性能及發展趨勢和磁碟陣列等相關知識，有SAN Storage 建置、操作及管理經驗者佳。。;3. 具備英語閱讀能力。。;4. 具備自我學習能力，且能自我激勵、主動，能表現出創造力和批判性思維的能力。良好的溝通協調能力及積極主動者。。;【加分項目-工作條件】。;1. 具資料庫管理維運經驗。。;2. 具管理和備份恢復策略經驗者佳。。;3. 具SQL編寫和對資料庫物件（表、視圖、索引、存儲過程、函數、包）特性的掌握，交易處理、動態SQL、游標、異常處理等的相關經驗。",經營管理主管、電玩程式設計師、軟體設計工程師,"月薪67,000~90,000元",全職,台北市內湖區,管理5-8人,無需出差外派,日班,週休二日,不限,2人,上班族,2年以上,大學以上,不拘,不拘,不拘,不拘,未填寫
ETL資料工程師(科主管),https://www.104.com.tw/job/6sf18?jobsource=2018indexpoc,中國人壽保險股份有限公司(總公司),1.ETL程式設計及系統日常維運。;2.需求訪談、系統分析，系統需求規格書文件。。;3.撰寫測試計畫、測試個案。。;,軟體設計工程師、電腦系統分析師、軟體專案主管,待遇面議（經常性薪資達4萬元或以上）,全職,台北市松山區敦化北路122號,管理4人以下,無需出差外派,日班，08:30~17:30,週休二日,不限,1人,上班族,3年以上,大學、碩士,不拘,不拘,不拘,不拘,1.熟悉Oracle或MSSQLServer資料庫及SQL語法2.ETL資料轉換作業(ETLJobDeveloping、IBMDataStage、Trinity)實務經驗3年以上3.具DataWarehouse、DataMart之建置與開發經驗4.個性主動積極、溝通技巧佳、抗壓性及團隊配合度高5.具壽險系統經驗尤佳
Crystal reports及資料庫工程師,https://www.104.com.tw/job/3oua8?jobsource=2018indexpoc,德義資訊股份有限公司,1. 建置、管理與維護報表系統。。;2. 開發Crystal Reports，以符合企業需求，需撰寫Oracle P/L SQL。。;3. 撰寫Java程式，以執行報表。,軟體設計工程師、Internet程式設計師,待遇面議（經常性薪資達4萬元或以上）,全職,台北市大安區,不需負擔管理責任,無需出差外派,日班，09:00~18:00,週休二日,不限,2~3人,上班族,3年以上,專科以上,不拘,英文--聽/略懂、說/略懂、讀/略懂、寫/略懂,Java、Struts、Oracle、PL/SQL,不拘,1.會Crystalreports為必要條件。2.對金融相關行業有興趣者歡迎加入。
資料庫工程師,https://www.104.com.tw/job/6n48w?jobsource=2018indexpoc,大牛科技有限公司,1. 負責資料庫建立、開發和維護。;2. 根據業務需求撰寫SP。;3. 負責開發和處理業務報表的各項數據，建立和完善數據體系。;4. 根據業務需求，設計和建立產品數據模型。;5. 完成和協助業務部門的數據分析,資料庫管理人員、系統維護／操作人員、其他資訊專業人員,待遇面議（經常性薪資達4萬元或以上）,全職,台北市信義區,不需負擔管理責任,無需出差外派,日班,週休二日,不限,1~2人,上班族、應屆畢業生、二度就業,不拘,專科以上,不拘,不拘,Linux、Shell、JDBC、MySQL、OLAP、PostgreSQL,伺服器網站管理維護、作業系統基本操作、資料備份與復原、資訊設備操作檢修、資料庫系統管理維護、資料庫程式設計、資料庫軟體應用,1.具備Linux經驗2.具備RDBMS或NoSQL、BigTable資料庫經驗3.具備StoredProcedure、Shell經驗加分項目1具備分散式系統概念佳2具備MySQL/Mariadb、Scylladb/Cassandra等經驗佳3具備ElasticSearch經驗佳
資訊_資料倉儲工程師,https://www.104.com.tw/job/6fiv5?jobsource=2018indexpoc,中信金控_台灣人壽保險股份有限公司,1.資料倉儲設計及相關ETL job開發與測試 。;2.BI報表相關開發作業。;3.支援AI模型訓練之資料處理。;,軟體設計工程師、電腦系統分析師、其他資訊專業人員,待遇面議（經常性薪資達4萬元或以上）,全職,台北市南港區經貿二路188-1號,不需負擔管理責任,無需出差外派,日班，08:50~17:30,週休二日,一個月內,1~3人,上班族,不拘,大學以上,資訊管理相關、資訊工程相關,不拘,不拘,不拘,
資深數據資料庫工程師(策略與新創事業部/數位開發中心),https://www.104.com.tw/job/6l9as?jobsource=2018indexpoc,TVBS_聯利媒體股份有限公司,1. 數據蒐集、清洗與數據蒐集分析平台規劃開發。;2. 數據分析與應用開發。;。;,軟體設計工程師、Internet程式設計師、市場調查／市場分析,待遇面議（經常性薪資達4萬元或以上）,全職,台北市內湖區瑞光路451號,不需負擔管理責任,無需出差外派,日班,週休二日,不限,1人,上班族,2年以上,大學以上,資訊管理相關、資訊工程相關、數理統計相關,不拘,Python、MSSQL,不拘,1.具備python程式語言開發能力、熟悉SQL語法。2.具備使用MySQL、MongoDB、分散式運算spark、GCP等經驗尤佳。
資深資料工程師【明基BenQ Data Application】,https://www.104.com.tw/job/6vh7j?jobsource=2018indexpoc,明基電通股份有限公司,"""資料分析""在BenQ全球產品發展中扮演重要角色，此職位將會接觸到商業、一般消費者等級產品，以及整合性解決方案型產品。。;此一職位將會與其他資料分析師協同合作，將會與研發單位、設計單位、事業群、以及業務單位緊密合作，也將會同時進行數個專案，並介入產品生命週期中各個階段。。;。;We are looking for a bright and enthusiastic individual as a Data Engineer to join our team, this role will be part of the BenQ Data Application Team, co-work with other Data Analysts, Data Scientists, Data Engineers and some of the interns; together, this role will be involved different phase of BenQ product or business development process, that means you will closely work with BM, BU, Design & Development department in our HQ, also will co-operate with each regional office worldwide, provide them data insight, and data consultancy.。;。;P.S If you get highly interested in joining us(please...), please give a try to find the supervisor by any channel you know.(But please do not use extension number.)。;。;1.協助資料分析部門維護Data Pipeline。;2.系統環境維護。;3.資料交換程式開發。;4.規劃並設計良好的資料庫結構、協同分析師撈取分析資料。 。;5.建立並開發具有安全性、維護性、擴充性之系統架構與程式。。;6.協助部門進行ETL 。;7.跨部門資料對接與整合。;8.協助資料執行分析模型導入。;",演算法開發工程師、其他資訊專業人員,待遇面議（經常性薪資達4萬元或以上）,全職,台北市內湖區基湖路16號,不需負擔管理責任,無需出差外派,日班,依公司規定,不限,1~2人,上班族,不拘,大學、碩士,不拘,不拘,Linux、Python,不拘,"需求條件1.熟悉Linux系統管理2.熟悉ShellScript(至少1種，例如Python)3.git使用經驗4.熟悉雲端服務AWS,GCP5.熟悉MongoDB,PGSQL...等6.熟悉RestAPI開發7.能夠使用各種開源技術加分條件：1.DevOps實務經驗。2.Node.js實務經驗。3.SOQL經驗。4.BigQuery經驗。4.快速原型開發與測試經驗。5.具有網頁RWD、SPA介面開發經驗。6.具有網站、資料庫效能調校經驗。7.資料獲取技能(爬蟲、第三方API對接)8.專案時程掌控能力佳、能主動回報工作進度。"
資料庫管理工程師,https://www.104.com.tw/job/4ab9v?jobsource=2018indexpoc,睿訊有限公司,"1. 具大型數據庫（Data Warehouse）維護作業經驗，DB 的運作架設、管理、規劃、執行資料庫資料備援及回覆。。;2. DB 的即時監控及相關除錯；管理各項資料庫資源使用，包含使用數量、權限管理、使用空間、系統資源（CPU、Memory、IO）等。。;3. 監控資料庫效能，並適時針對相關參數及SQL進行調校。DB 的存取效能及穩定性。。;4. 網站存取資料庫架構設計及規劃；提供諮詢並處理資料庫應用的相關問題，進行 Schema 建置與異動的工作。。;5. 資料庫軟硬體維護及備份等 Schedule-Job 規劃。。;6. 資料庫管理工具，Shell Script 程式編寫。。;。; ---- Oracle 或 MySQL（這２種有一項能力很強最佳）。; ---- 其他類：如 MS-SQL、MongoDB…非常熟悉某類資料庫維護。。;。; 只要對上述某種 DB 具有特別強的能力，或實務作業熟練者，都會考量優先適用！。;。;>>>>>>>>>>>>>>>>>>>>>>>>>>>>>>>>>>>>>>>>>>>>>。;1. Over one year experience of Data Warehouse Maintenance or Management, Backup and Restore Skill.。;2. Working Experience of Database Monitor Solutions, and Hardware Configuration Setting.。;3. Good Experience of Database Performance Turning, and Troubleshooting.。;4. Working Experience of RAC/HA db-Structure Construction, and Data Replication Solutions.。;5. Basic Knowledge of Hardware Debuging, and Contab Job Control.。;6. Good Skill of Shell Script Coding.。;。;---Very ＂GOOD SKILL＂ one of this Database system ( such as; Oracle, MySQL, MS-SQL, MongoDB ..... ), that will be put your record into high priority list for interview.",資料庫管理人員,待遇面議（經常性薪資達4萬元或以上）,全職,台北市內湖區洲子街88號5樓,不需負擔管理責任,無需出差外派,日班,週休二日,不限,1人,上班族,3年以上,專科、大學,資訊管理相關、資訊工程相關,英文--聽/中等、說/中等、讀/中等、寫/中等,Linux、Shell、UNIX、MSSQL、MySQL、Oracle、PL/SQL、Vmware,資料庫系統管理維護,1.具備3年以上DBA相關工作經驗。2.主力資料庫系統為ORACLE，或是對MySQL、MS-SQL熟悉也可。3.參與過大型網站資料庫的設計架設及規劃。4.具備T-SQL、PL-SQL/UNIX&LinuxShellScript程式撰寫能力。5.曾經具備任何資料庫，最少一種證照尤佳。6.具備網路與系統管理能力佳。7.了解VmwareESX虛擬化主機安裝、設定與管理。
資料倉儲工程師,https://www.104.com.tw/job/6f3dr?jobsource=2018indexpoc,臺灣中小企業銀行股份有限公司,銀行資訊業務規劃、建置及維護等相關程式開發工作。,軟體設計工程師、Internet程式設計師、資料庫管理人員,"月薪33,000~67,000元",全職,台北市中正區重慶南路一段,不需負擔管理責任,無需出差外派,日班,依公司規定,一個月內,10人,上班族,2年以上,大學以上,不拘,不拘,不拘,不拘,一、以下條件均須符合：1.國內、外大學以上學校畢業，且取得學士以上學位證書，具資訊、理工相關系所背景者尤佳。2.以下工作經驗皆須具備:(1)具TeradataDWETL/ODS資訊人員2年以上經驗。(2)具資料倉儲相關維運能力，包含ETL及SQL。(3)具資料分析與建立資料模型(DataModel)經驗。二、口試得加分條件:1.具Tableau、Python、R技能及經驗3年以上。2.熟悉Java程式開發經驗者佳。3.熟悉HadoopEcosystem資料應用經驗。4.具兩年以上金融系統程式開發人員經驗。三、試用期間6個月。◎可配合職務需要於假日或夜間工作。(工作地點：新北市林口區及台北市)◎進用人員之工作時間適用勞動基準法第30-1條及第36條第2項第3款之相關規定。
【Eatgether】伺服器與後端資料庫工程師 Backend & Server-side Developer,https://www.104.com.tw/job/4iyuf?jobsource=2018indexpoc,食我網路股份有限公司,我們是台灣最大聚會社交平台Eatgether團隊，目前因應使用人數的快速成長，目前的產品架構亟需改進與優化，因此徵求資深工程師的加入！在Eatgether正式邁入獲利階段後，我們正準備透過新一輪的資金加速放大Eatgether在台灣的使用人數，成為一個真正有影響力的大型平台。若你擁有很棒的產品開發能力與團隊協作技巧，想要發揮自己的程式功力在一個真正創新的大型平台，同時也認同Eatgether的聚會社交服務理念，希望有足夠多的資源與舞台發揮，不甘只是做大企業裡面的一個無足輕重的角色，食我團隊歡迎你！。;。;【工作任務】。;・網站與APP資料庫架構及API開發管理。;・AWS+GCP伺服器穩定度優化與流量費用管理。;・協助討論與開發各種平台新功能。;・協助行銷與客服團隊整理相關後台數據資料。;。;Must have:。;Familiar with Node.js。;Experienced with Golang。;Experienced with PostgreSQL。;Experienced with networking。;。;Nice to have:。;Basic with Amazon Web Services。;Basic with NoSQL。;Basic with Serverless/Micro Service。;。;薪資待遇。;・依能力與經驗給薪，每半年調薪。;・周休二日、見紅就放、可彈性工時。;・對外課程或論壇可申請公假與學費補助。;・每月團隊聚餐與慶生會。;・工作滿一年後可申請以優惠選擇權方式入股。;,資料庫管理人員、Internet程式設計師、軟體設計工程師,"月薪60,000~120,000元",全職,台北市中正區忠孝西路一段50號22樓之9,管理4人以下,無需出差外派,日班,週休二日,一個月內,1人,上班族、應屆畢業生、日間就讀中、夜間就讀中、研發替代役、外籍人士、原住民、二度就業,不拘,專科以上,不拘,不拘,PHP、MySQL、jQuery,系統架構規劃、軟體工程系統開發、軟體程式設計、網路程式設計、資料庫系統管理維護、資料庫程式設計,未填寫
(專案)【台北市】政府機關 ETL 專案-資料庫軟體工程師,https://www.104.com.tw/job/4vs3g?jobsource=2018indexpoc,中華系統整合股份有限公司,1.資料庫、ETL程式開發、維護及測試(Sybase ASE、SAP HANA、Oracle、MS SQL、SAP ETL工具)。。;2.資料庫轉置。。;3.程式異常處理。。;4.資料驗證比對。。;,軟體設計工程師、系統維護／操作人員、電腦系統分析師,"月薪35,000~37,000元",全職,台北市中正區,不需負擔管理責任,無需出差外派,日班,依公司規定,不限,1人,上班族、應屆畢業生、原住民,1年以上,專科、大學、碩士,資訊管理相關、資訊工程相關、其他工程相關,不拘,不拘,不拘,1.大學或專科以上資訊相關科系(指工學院或資訊學院內所屬科系)畢業，或1年以上相關工作經驗。2.熟悉軟體程式設計、資料庫系統、資料庫語言(SQL)、ETL工具使用者尤佳。3.負責各類應用程式設計、測試、除錯，及應用資料擷取、轉置、驗證等工作，能協助客戶開發、建置及維護應用系統，有效提升應用系統穩定性及可用性。4.對程式開發及軟體工程具有熱情，願意嘗試新技術及架構。
MySQL資料庫工程師,https://www.104.com.tw/job/4uj95?jobsource=2018indexpoc,中華系統整合股份有限公司,(1) 依據使用者需求，參與資料庫架構設計，提供整體系統架構最佳化建議。;(2) 規劃、設計、執行資料庫備份、備援及回復計畫。;(3) 規劃、設計、執行資料庫抄寫、叢集化架構。;(4) 資料庫Schema及SQL語法評估審核。;(5) 資料庫資源管理及自動化監控，包含權限管控、使用者連線、空間運用、系統資源(CPU、MEMORY、DISK I/O)及自動化備份。;(6) 資料庫效能調校、障礙排除及災難復原,系統維護／操作人員、資料庫管理人員、產品售後技術服務,待遇面議（經常性薪資達4萬元或以上）,全職,台北市大安區,不需負擔管理責任,無需出差外派,日班,依公司規定,不限,1人,上班族,3年以上,專科、大學、碩士,不拘,英文--聽/中等、說/中等、讀/中等、寫/中等,DatabaseAdministrator、MySQL,不拘,"1.熟MySQL,DatabaseAdministrator2.認真負責,主動積極,具良好的溝通與學習能力"
資深資料庫程式工程師(台北),https://www.104.com.tw/job/4r4gx?jobsource=2018indexpoc,歐博森科技有限公司,1.SQL SERVER 2008/2012 管理及效能調校。;2.T-SQL 及Stored Procedure 撰寫。;3.SOAP Web Service 及 Web API 架構。;4.獨立思考及解決問題能力。;5.撰寫系統文件或報告,Internet程式設計師、軟體設計工程師、電腦系統分析師,待遇面議（經常性薪資達4萬元或以上）,全職,台北市內湖區基湖路,不需負擔管理責任,無需出差外派,日班,依公司規定,不限,10~20人,上班族,3年以上,專科、大學,不拘,不拘,不拘,網路程式設計、資料庫系統管理維護、資料庫程式設計、資料庫軟體應用,1.具規劃、建置過線上資料庫服務經驗2.管理大型遊戲or交易網站3年以上之經驗3.遊戲平台/金流平台開發經驗4.工作態度積極主動、抗壓性強、能獨立思考及作業5.學習能力佳並注重團隊合作
資料工程師,https://www.104.com.tw/job/6umja?jobsource=2018indexpoc,優愛德股份有限公司,工作內容。;1、系統串接API代碼編輯/開發/維護。;2、AWS/GCP cloud service等SaaS服務建立。;3、數據ETL清洗彙整至數據中台流程化。;4、熟悉網站伺服器端數據蒐集流程與第三方服務。;5、Google analytics/GTM/FB JS代碼編寫/埋設。;6、熟悉商業智慧視覺化自動化報表流程。;。;,軟體設計工程師、資料庫管理人員,待遇面議（經常性薪資達4萬元或以上）,全職,台北市松山區八德路3段36號7樓,不需負擔管理責任,無需出差外派,日班,依公司規定,不限,1人,上班族,不拘,大學以上,不拘,不拘,不拘,不拘,必備條件1.Python/Javascript代碼撰寫2年以上經驗2.具備關聯式/NoSQL資料庫管理設計經驗(MySQL必備)3.rest-fulAPI開發實務經驗4.熟悉GIT版本控制流程
SAP(BW/資料倉儲)系統工程師,https://www.104.com.tw/job/5qr0h?jobsource=2018indexpoc,(總公司)南山人壽保險股份有限公司,●規劃高可靠度SAP系統架構(HA SAP Landscape Design);●配合專案需求建置所需SAP系統環境(Installation and Client/System Copy);●負責SAP系統(含HANA/MaxDB資料庫)運維，透過日常系統巡檢，性能監控及調校，以確保系統穩定度，及處理系統變更請求;●協助SAP模組顧問，進行各類資訊問題查修即故障排除(Incident Management);●SAP系統成長監測與硬體需求規劃(HW capacity planning);●協助監控各種 BW Jobs/ Process Chain狀態及效能調整;●協助檢測BW與Source System連線狀態與各種問題排除,電腦系統分析師、資料庫管理人員,待遇面議（經常性薪資達4萬元或以上）,全職,台北市中山區民權動路二段144號,不需負擔管理責任,無需出差外派,日班，08:30~17:00,週休二日,兩週內,3~5人,上班族、原住民、二度就業,1年以上,大學以上,資訊管理相關、數學及電算機科學學科類、資訊工程相關,英文--聽/中等、說/中等、讀/中等、寫/中等,不拘,不拘,資訊相關科系畢業●具Linux系統經驗●具問題排除能力●具SAPBW系統管理經驗尤佳
資料分析工程師(全球第二大IT通路集團),https://www.104.com.tw/job/6m2ce?jobsource=2018indexpoc,聯強國際股份有限公司,(2020菁英計劃)於集團總部負責亞太(台灣、大陸、香港、澳洲、紐西蘭…)營運系統之研發與管理， 運用營運大數據，打造聯強數位神經系統，提升營運智能。。;。;對大數據資料處理及分析有興趣者。;1.營運決策支援系統設計、開發。。;2.資料統計分析、數據分析可視化操作。。;3.具程式開發基礎。,統計學研究員、電腦系統分析師、軟體設計工程師,"月薪30,000~70,000元",全職,台北市中山區民生東路三段75號,不需負擔管理責任,無需出差外派,日班，09:00~18:00,週休二日,不限,不限,上班族,不拘,大學以上,統計學相關、其他數學及電算機科學相關,不拘,不拘,不拘,1.個性主動積極，主動學習者。2.具團隊合作精神。3.能獨立處理及解決問題。4.熟悉資料庫及大數據架構與經驗尤佳。
資料平台工程師(或新鮮人),https://www.104.com.tw/job/4v0q8?jobsource=2018indexpoc,歐立威科技股份有限公司,"【職務說明】。;歡迎社會新鮮人的加入。。;將參與專案ETL相關資料搬移、流程設計及整合作業，並包含資料平台建置及管理任務。在培育後將會往資料平台顧問發展，能選擇成為 MongoDB/ELK/Hadoop/Greenplum/EDB 等各項資料平台專職顧問角色，提供客戶專業的顧問服務/系統規劃及設計/教育訓練課程。。;。;【工作項目】。;●使用 ""ETL工具"" 進行資料擷取/資料轉置/資料載入。;●使用 ""SQL語言"" 進行資料整合/資料開發。;●使用 ""資料平台"" 進行資料儲存/資料管理/平台維護/平台備份。;●按照 ""專案目標"" 執行專案任務。;●進階將成為 ""資料平台專職顧問""。;。;【職務需求】。;●具有 ""Linux、資料庫、程式開發相關經驗"" 擇一。;●良好的文件撰寫能力。;●良好之團隊協作、溝通協調能力",其他資訊專業人員、資料庫管理人員、資訊助理人員,"月薪28,000~40,000元",全職,台北市大同區鄭州路87號10樓,不需負擔管理責任,無需出差外派,日班,依公司規定,一個月內,1~4人,上班族、應屆畢業生、二度就業,不拘,大學以上,不拘,英文--聽/中等、說/中等、讀/中等、寫/中等,不拘,不拘,其他條件1.資料庫相關認證(非必要)2.Linux相關認證(非必要)3.英文相關認證(非必要)
資料倉儲工程師 (資料庫/大數據/巨量資料/資料倉儲)  (新鮮人可),https://www.104.com.tw/job/6r2nr?jobsource=2018indexpoc,歐立威科技股份有限公司,"【職務說明】。;將參與各大系統專案進行資料倉儲平台架構規劃及設計，其中包含 Pivotal Greenplum產品服務，資料倉儲工程師將專注於資料倉儲顧問服務，解決使用者關於資料倉儲相關需求。。;。;資料倉儲專為資料分析所設計，可讀取大量的資料以了解資料的關係和趨勢，資料通常會定期從交易處理系統、關聯式資料庫和其他來源流入資料倉儲。讓商業分析師、資料科學家和決策者可透過商業智慧 (BI) 工具、SQL 用戶端和其他分析應用程式存取資料。。;。;所以資料倉儲工程師必須要了解資料倉儲特性及資料存放方式，來根據使用者需求給予建議，並且為其使用單位提供適合的資料倉儲架構，建立完整資料倉儲資料流流入方案及資料倉儲管理機制。。;。;本工作職缺適合關聯式的資料庫工程師，有意願轉型為資料倉儲工程師來接觸更廣泛的資料處理服務面向，可以更容易延伸接觸其他資料處理的技術及平台，來加值自身的技術能力。。;。;【工作項目】。;平台規劃及設計。;平台架構建置及設定。;平台高可用性建置及設定。;平台開發顧問服務。;平台資源規劃調教。;平台權限規劃設定。;ETL 資料流設定。;。;【職務需求】。;熟悉 Linux 操作及管理。;熟悉一種資料庫系統 (Oracle , PostgreSQL , MySQL , MSSQL.. 其他 )。;良好的文件撰寫能力。;良好之團隊協作、溝通協調能力。;。;* 如果是應屆畢業需要滿足1.職務需求 2.資訊科系 3.英文能力佳",其他資訊專業人員、資料庫管理人員、資訊助理人員,待遇面議（經常性薪資達4萬元或以上）,全職,台北市大同區鄭州路87號10樓,不需負擔管理責任,無需出差外派,日班,依公司規定,一個月內,1~2人,上班族、應屆畢業生、二度就業,不拘,專科以上,不拘,英文--聽/中等、說/中等、讀/中等、寫/中等,不拘,不拘,"【加分條件】資料倉儲管理經驗Hadoop平台管理經驗Hadoop平台相關認證ETL相關經驗資料庫相關工作管理經驗Python,Java程式開發經驗英文認證"
MongoDB 資料庫工程師 (NoSQL),https://www.104.com.tw/job/6t4vq?jobsource=2018indexpoc,歐立威科技股份有限公司,"【職務說明】。;將參與各大系統專案進行 MongoDB ""架構規劃"" ""系統設計"" ""軟體服務""，解決使用者關於半結構化資料處理需求，因為半結構化資料不強制規定資料欄位，它也非常適合開發人員進行敏捷開發，所以想要成為 MongoDB 專職顧問及架構師，有相關 NoSQL 系統使用開發經驗則能設計出更完善的系統架構。。;。;本工作職缺適合後端工程師(Backend Engineer)，有意願轉型為大數據工程師來接觸更廣泛的資料處理服務面向，未來更能延伸至公司其他產品線服務 Redis , Elasticsearch成為更全面的數據架構顧問。。;。;MongoDB 資料庫工程師將與公司一同推廣及舉辦各項 ""Mongoing中文社區"" 活動，由歐立威科技及相關企業來分享在業界開源產品的使用經驗，並與各方技術好手分享交流。。;2019 MongoDB User Group活動網址↓。;https://www.accupass.com/event/1909200625261267899328。;。;【工作項目】。;平台規劃及設計。;平台架構建置及設定。;平台高可用性建置及設定。;平台開發顧問服務。;平台資源規劃調教。;平台權限規劃設定。;平台售後維護服務。;。;【職務需求】。;熟悉 Linux 操作及管理。;熟悉任一程式開發語言 ( Node.js, Python, Golang )。。;熟悉 Git 版本控管。;良好的文件撰寫能力。;良好之團隊協作、溝通協調能力",其他資訊專業人員、資料庫管理人員、資訊助理人員,待遇面議（經常性薪資達4萬元或以上）,全職,台北市大同區鄭州路87號10樓,不需負擔管理責任,無需出差外派,日班,依公司規定,一個月內,1~2人,上班族、應屆畢業生、二度就業,1年以上,大學以上,不拘,英文--聽/中等、說/中等、讀/中等、寫/中等,不拘,不拘,【加分條件】MongoDB管理及維護經驗Redis管理及維護經驗其他資料庫使用經驗NoSQL平台開發使用經驗英文認證
資料工程師(T53),https://www.104.com.tw/job/4ftgq?jobsource=2018indexpoc,關貿網路股份有限公司,1.Hadoop-based應用系統開發維護及專案支援。。;2.巨量資料處理及ETL架構規劃及開發。。;3.熟悉java，會R或Python撰寫分析演算法程式尤佳。,數學研究員、軟體設計工程師,待遇面議（經常性薪資達4萬元或以上）,全職,台北市南港區三重路19之13號6樓(115),不需負擔管理責任,無需出差外派,日班,依公司規定,不限,1人,上班族,2年以上,大學以上,資訊工程相關、資訊管理相關、數理統計相關,英文--聽/中等、說/中等、讀/中等、寫/中等,Java、Python、XMLWebservices,不拘,R或Python、Java、Hadoop、NoSQLDB、Webservices
資料工程師 (機器學習),https://www.104.com.tw/job/6shtp?jobsource=2018indexpoc,域動行銷股份有限公司,"我們是 CLICKFORCE 歡迎您加入我們。;我們正在招募對開發充滿熱情的工程師團隊!!。;。;主要工作內容與條件： 。;1.	撰寫及維護網路爬蟲程式，以擷取網路文章文字資料。;2.	資料清洗，整理。;3.	使用網路爬蟲擷取的資料建構機器學習模型，以分析使用者資料。;4.	使用網路使用者瀏覽資料建置預測模型，預測網路使用者點擊廣告意圖。;5.	協助編寫使用者分群程式。;。;所需專長。;1.	熟悉Python程式語言，包含pandas, BeautifulSoup, numpy, sklearn, Gensim等模組。;2.	熟悉Linux, SQL。;。;加分專長。;1.     有使用GCP (BigQuery, Cloud Storage, Compute Engine), AWS (Athena, S3)等服務。;2.      統計學專長",演算法開發工程師、軟體設計工程師、其他資訊專業人員,"月薪40,000元以上",全職,台北市松山區民生東路三段138號14樓,不需負擔管理責任,無需出差外派,日班,週休二日,不限,1~5人,上班族、應屆畢業生,不拘,不拘,不拘,不拘,不拘,不拘,未填寫
雲端資料工程師 (Cloud Data Engineer),https://www.104.com.tw/job/5s15o?jobsource=2018indexpoc,91APP_九易宇軒股份有限公司,"利用Google Cloud Platform (GCP) 發展數據工程，與數據專家協作，從需求分析，系統規劃與開發，到線上維運，架構完整數據服務平台，往建構91APP「零售AI」的目標邁進。。;。;-能善用Google Cloud Platform數據相關工具，如：Pub/Sub，DataFlow，BigQuery，TensorFlow等工具。;-熟悉數據相關程式語言開發，如：Python、Scala。;-能產品化並營運大數據線上服務。;-參與數據模型建立，並優化模型與架構。;-能善用自動化的方法處理資料，熟悉大量資料處理與分析，使數據分析與應用產品化。;-電腦配備MacBook Pro 13"" (16G RAM/256G SSD)",軟體設計工程師、Internet程式設計師,待遇面議（經常性薪資達4萬元或以上）,全職,台北市南港區八德路四段768巷5號6樓,不需負擔管理責任,無需出差外派,日班,週休二日,不限,1人,上班族,3年以上,大學、碩士,不拘,不拘,不拘,不拘,＊能善用自動化的方法處理資料，熟悉大量資料處理與分析，使數據分析與應用產品化＊能善用GoogleCloudPlatform數據相關工具，如：Pub/Sub，DataFlow，BigQuery，TensorFlow等工具＊熟悉數據相關程式語言開發，如：Python、Scala＊參與數據模型建立，並優化模型與架構＊能產品化並營運大數據線上服務
後端資料工程師 Backend Data Engineer (Python),https://www.104.com.tw/job/6p3ps?jobsource=2018indexpoc,睿點行動股份有限公司,【工作內容】。;負責開發與維運發票存摺產品資料相關系統，支援業務單位需求。。;。;. 數據基礎設施設計，協助團隊規劃與開發數據架構。;. 設計，建置及維運 cloud based Data Warehouse / Data Pipeline。;. 整合合作廠商 API，分析與建置產品所需之後端系統。;. 支援業務單位數據需求，快速迭代交付價值，並將例行需求自動化。;。;【團隊合作方式】。;使用者為中心、敏捷開發、快速迭代。;我們採用敏捷開發，透過社群的互動與反饋，獲取關鍵的用戶洞察，並快速建置MVP並進行驗證，透過反覆修正與迭代，使產品能夠契合用戶需求。。;。;透明扁平的決策模式。;我們每個開發的項目都建立於用戶需求以及團隊成員共識上，不會有「不知為何開發而開發」的現象，也沒有與用戶需求對立的獲利壓力。在明確的目標下，團隊中的每一個成員都能夠毫無顧忌的表達自己的想法，前進的過程中，我們每下的一步棋，都是團隊成員共同討論出來決定的方向。。;。;換位思考與同理心。;團隊中的每一個成員都是為了產品更好的共同目標而努力，我們是共同協作，而不是各司其職。產品經理願意瞭解技術開發的方法、流程和阻礙，技術願意了解用戶需求和市場考量，我們能夠具備換位思考的能力，同理用戶，以及同理共同合作的夥伴與利益關係人，在共同目標之下，運用各自的專業，打造出更好的產品和服務。。;。;【職務需求】。;・熟悉 MySQL 資料庫操作、設定。;・熟悉 Python、Pandas 資料處理流程。;・熟悉 Linux 操作與設定。;・具備網站爬蟲實作經驗。;・一年以上相關工作經驗。;・具自主分析問題與尋找解決方案之意願與能力。;・具備團隊合作能力，能夠主動與 PM、設計師等討論並給予專業建議，共同追求合適的解決方案。;・開發易維護、可測試的軟體架構。;,Internet程式設計師、軟體設計工程師、通訊軟體工程師,"年薪600,000~1,000,000元",全職,台北市松山區八德路,不需負擔管理責任,無需出差外派,日班，10:00~19:00,週休二日,不限,2~3人,上班族、應屆畢業生、原住民,1年以上,專科、大學、碩士,不拘,不拘,Linux、Python、MySQL、JavaScript,不拘,【加分條件】・Git多人協作經驗・Ansible、Docker等自動化部署經驗・RESTfulAPI開發、串接經驗，這裡走OpenAPI/Swagger標準・cloudbasedsolution整合經驗，這裡使用GCP與BigQuery・附帶作品佳
數據/資料分析工程師-台北 (系統推展部),https://www.104.com.tw/job/6l6mm?jobsource=2018indexpoc,錠嵂保險經紀人股份有限公司,1.依據需求，設計資料分析模式。;2.採用AI資料分析技術，建置分析模型。;3.支援營運/行銷之資料分析應用,資料庫管理人員,"月薪35,000~55,000元",全職,台北市松山區南京東路三段311號7樓,不需負擔管理責任,無需出差外派,日班，0835~1720,週休二日,不限,1人,上班族,2年以上,專科以上,不拘,不拘,不拘,不拘,1.對資料分析有熱忱、融於團隊合作又能獨當一面2.應用保險相關資料與分析平台進行大數據分析3.應用資訊系統建立統計模型之經驗者尤佳4.具大數據分析、AI資料分析、或Tableau系統經驗者佳
資料庫工程師,https://www.104.com.tw/job/6scyn?jobsource=2018indexpoc,鼎琳科技股份有限公司,MySQL replication、MySQL-mmm、MySQL-mha、MySQL cluster等主流解決方案.。;,資料庫管理人員、網路管理工程師,待遇面議（經常性薪資達4萬元或以上）,全職,台北市大同區甘谷街22號2樓,不需負擔管理責任,無需出差外派,日班,週休二日,兩週內,1~2人,上班族、應屆畢業生,1年以上,專科以上,不拘,不拘,ASP.NET、C、C#、C++、MSSQL、MySQL,不拘,"1.3年以上DBA管理相關工作經驗2.具備MySQL規劃、安裝、設定、管理、維護能力3.具備資料庫效能調校經驗者4.具備獨立規劃資料庫系統經驗者5.具備資料庫故障排除及持續性能優化能力6.重視團隊合作具備良好的溝通及問題解決能力7.具備STOREPROCEDURE開發經驗8.對程式開發具有熱情，願意嘗試新技術9.Python,Java,C程式開發經驗"
P257-DBA資料庫工程師 SQL [駐點專約],https://www.104.com.tw/job/6f6fp?jobsource=2018indexpoc,大同世界科技股份有限公司,▶ JD工作說明。;1.現有SQL Server管理與維護。;2.管理、監控資料庫效能。;3.參數進行調校等優化作業。;4.日常維運有關資料庫之問題排解。;5.安全管理。;6.資料庫資料備援及回覆計畫。;7.與AP(廠商)合作，執行DB部署及資料庫操作 。;8.DR演練與測試。;。;▶ JS具備技能。;1.可獨立作業。;2.需主動積極追蹤工作進度者。;3.有Microsoft SQL Server經驗者佳,資料庫管理人員,"月薪50,000~60,000元",全職,台北市中正區,不需負擔管理責任,無需出差外派,日班，08:30-17:30,週休二日,一個月內,1人,上班族,3年以上,專科、大學,不拘,英文--聽/略懂、說/略懂、讀/略懂、寫/略懂,MSSQL,不拘,專約同仁適用部分福利
資料工程師 (Data Engineer)年薪可達95萬(面議) _501YS,https://www.104.com.tw/job/6wnds?jobsource=2018indexpoc,萬寶華企業管理顧問股份有限公司,1. 具備程式撰寫能力，能以Python撰寫爬蟲或進行資料分析，有相關開發經驗。;2. 曾使用過C# (或 java、Scala)等語言進行系統開發。;3. 對於資料庫系統與其語法熟悉（包含SQL、Spark、Cassandra…等）。;4. 有資料視覺化與BI的相關經驗（例如Power BI、Tableau…等）。;5. 具備雲端運算服務使用經驗（Azure/AWS）,資料庫管理人員、軟體設計工程師、Internet程式設計師,"年薪500,000~950,000元",全職,台北市中山區,不需負擔管理責任,需出差，一年累積時間約一個月以下,日班,週休二日,一個月內,1~3人,上班族,3年以上,大學以上,不拘,英文--聽/中等、說/中等、讀/中等、寫/中等,不拘,不拘,加分條件1.熟悉或曾應用大數據平台元件操作，包括Kafka、nifi、HDFS…等2.具備機器學習或資料分析演算法知識與經驗。*應徵時請提供相關簡歷或過去作品、執行專案等可說明個人能力與負責內容之成果。
Database Software Engineer 資料庫管理工程師,https://www.104.com.tw/job/4ymcq?jobsource=2018indexpoc,核聚股份有限公司,"About Team。;You need a job or want a career? Join The Core Group to build your future with us!。;IT研發部門是核聚集團的核心團隊，其所開發的兩大雲端服務平台：員工股票選擇權（ESOP/ESPP）平台— MyCoreInfo、智慧投資理財平台— MySmartAdvisor™，不僅提供ESOP/ESPP管理、美股與港股交易，及基金、保險理財等服務，更使集團的業務成功拓展至亞洲及北美洲。。;。;核聚集團致力於發展金融科技，每年投資上百萬美元升級我們的服務平台，除定期更新硬體設備，更依循技術發展的腳步，隨時評估、引進最新開發技術。目前我們所採用的技術包含：後端開發所使用之C#, ASP.Net MVC 5, ASP.Net Core, Entity Framework, Web API / GraphQL，前端開發所使用之Typescript, Angular, React, Webpack, Less / Sass，以及Visual Studio 2017, Git & Git Flow等。。;。;若您熱愛挑戰及對金融科技產業具有熱誠，歡迎您加入我們的跨國團隊。。;更多資訊請參考集團官網www.TCGHL.com。。;員工分享心得請點擊http://issuu.com/thecoregroup/docs/testimonial_issuu_tw。;。;• Design database solutions to improve and monitor the efficiency of database usage.。;• Ensure data security, consistency and availability.。;• Design and implement reports using Reporting Services (SSRS). 。;• Perform data processing requests in a timely manner.。;",資料庫管理人員,"月薪50,000~100,000元",全職,台北市信義區基隆路1段396號6樓,不需負擔管理責任,無需出差外派,日班,週休二日,不限,2人,上班族,2年以上,大學以上,資訊管理相關、資訊工程相關,英文--聽/中等、說/中等、讀/中等、寫/中等,MSSQL,不拘,"•FamiliarwithSQLServeradministrationandSQLdevelopment(Storedprocedure,Function).•Abilitytoworkinafast-paced,multi-taskingenvironment.•Excellentproblemsolvingskills.•Fastlearnerandstrongsenseofownershipofalltheplatformsandproducts.•Strongunderstandingofproductqualityandperformancestandards."
SQL資料庫工程師,https://www.104.com.tw/job/6w8s4?jobsource=2018indexpoc,資誠企業管理顧問股份有限公司,1. 熟悉SQL語言(TSQL/PLSQL)、關聯式資料庫。有MS SQL SERVER/Oracle Database相關經驗尤佳。; 2. 具備伺服器相關軟體安裝、設定、測試之經驗。; 3. 學習意願高及解決問題的獨立思考能力,資料庫管理人員、軟體設計工程師,待遇面議（經常性薪資達4萬元或以上）,全職,台北市信義區基隆路一段333號,不需負擔管理責任,需出差，一年累積時間約一個月以下,日班,依公司規定,兩週內,1人,上班族,1年以上,大學、碩士,不拘,不拘,不拘,不拘,未填寫
F511-ETL資料工程師,https://www.104.com.tw/job/6hs6e?jobsource=2018indexpoc,大同世界科技股份有限公司,▶ JD工作說明。;1. 負責專案ETL相關資料搬移、流程設計及整合作業。。;2. 參與原廠教育訓練，考取相關證照。;。;▶ JS具備技能。;1. 基本TSQL或PL/SQL語法操作。;2. 瞭解批次與排程作業。;3. 有Microsoft SSIS 或Informatica PowerCenter經驗尤佳。;4. 熟悉Windows Server及 Linux OS。;,軟體設計工程師,"月薪32,000~45,000元",全職,台北市中山區中山北路三段22號,不需負擔管理責任,無需出差外派,日班,週休二日,一個月內,1人,上班族,1年以上,專科、大學、碩士,電機電子工程相關、資訊管理相關、資訊工程相關,英文--聽/略懂、說/略懂、讀/略懂、寫/略懂,不拘,不拘,未填寫
MySQL資料庫管理工程師,https://www.104.com.tw/job/6vehl?jobsource=2018indexpoc,亞齊企業社,1.維護線上資料的穩定，構建資料庫的高可用、自動化、監控體系。。;2.維護資料庫的日常運維、資料安全、性能優化、故障處理及前沿技術研究。。;3.協助業務人員，更好的使用資料庫。。;4.打造業界領先的金融級資料庫自動化運維平臺。。;基本技能。;1. 負責公司所有資料庫的故障處理、部署、安裝、升級、備份和資料移轉。 。;2.制定資料庫備份計畫，災難出現時對資料庫資訊進行恢復。 。;3. 解決用戶端中間層和伺服器的連結問題，保證安全連接。 。;4. 熟悉資料庫系統的存儲結構預測未來的存儲需求，制訂資料庫的存儲方案。 。;5. 根據開發人員設計的應用系統需求創建資料庫存儲結構、資料庫物件。 。;6.根據開發人員的回饋資訊，在必要的時候修改資料庫的結構。 。;7.監控和優化資料庫的性能。。;,資料庫管理人員、軟體設計工程師、電腦系統分析師,"月薪60,000~120,000元",全職,台北市大安區忠孝東路四段169號12樓,不需負擔管理責任,無需出差外派,日班/晚班/大夜班，需輪班,依公司規定,不限,1~3人,上班族,3年以上,專科以上,不拘,不拘,不拘,不拘,1.3年以上MySQLDBA工作經驗，精通MySQL資料庫內部體系結構和原理。2.負責MySQL資料庫日常管理和維護，對現有資料系統的穩定性、高可用性、擴展性的相關保障工作。3.負責性能監控和調優，能夠對業務需求和事故及時回應，調整資料庫設計建議。4.極強的SQL掌控能力和資料模型設計，負責審核新業務上線的資料庫代碼審核與部署。5.能夠進行資料庫引擎、SQL語句和讀寫分離的優化分析/設計，並具有高併發下讀寫分離維護經驗。6.深入瞭解MySQLReplicat技術細節和高可用方案，熟練搭建主從同步\備份和資料修復。7.精通SQL程式設計，熟悉複雜存儲過程、函數等的編寫，具備較好SQL優化能力。8.熟悉Linux運維管理，至少熟練shell或python一種指令碼語言開發。9.有良好的工作態度與團隊合作精神，工作認真負責，能承受較大的工作壓力。
