工作名稱,工作網址,公司名稱,職務類別,上班地點,薪資,上班時間,更新日期,接受身分,學歷要求,工作經歷,科系要求,語言要求,擅長工具,休假制度,需求人數,工作內容,其他條件,福利制度,聯絡人eamil
PHP工程師,https://www.104.com.tw/job/6fgd0?jobsource=hotjob_chr,中華麟股份有限公司,"軟體設計工程師,Internet程式設計師,資料庫管理人員",台北市松山區民族東路648號1樓,"月薪40,000~60,000元",日班,2020/03/23,上班族,專科以上,2年以上,不拘,不拘,"AJAX,PHP,MySQL,JavaScript,jQuery,CSS",週休二日,2~4人,協同開發網站或雲端系統的程式。專案進行過程須配合專案負責人協調工作範圍與內容。須具備下列技能或經驗為佳。 1. 熟悉HTML/CSS/JavaScript/AJAX/JQuery。2. 熟悉 LAMP 架構 (Linux+Apache+MySQL+PHP)：    ● 熟悉PHP相關技術、OOP觀念和MVC架構，有至少使用過一種 PHP Framework   開發經驗。    ● 有 Laravel Framework 1年以上的開發經驗。    ● 熟悉MySQL操作與使用。    ● 熟悉Linux開發環境及常用命令。3. 有使用GIT版本控制系統的習慣或豐富經驗。4. 有良好的代碼編寫習慣、命名規範、結構清晰，有撰寫詳細的編碼註釋的習慣;5. 有責任感、細心、積極主動熱愛技術學習、追求最佳解及高品質的態度。6. 有團隊合作精神，願意主動與其他工程師、專案經理及主管溝通問題，提出看法。7. 看得懂中英文技術文件（如：API規格），也能依需求寫出技術文件。8. 具備良好的邏輯分析能力和良好的理解溝通能力，能夠獨立解決問題。*中華麟注重團隊合作、技術分享、共同成長。我們喜歡研究並且嘗試新技術，互相腦力激盪來應用並導入專案中。並且重視技術人才的培養與未來發展，讓工程師能持續的成長茁壯，做出人生中的代表作。,【加分條件】1. Restful API開發/設計經驗2. 熟悉 AWS Service,【來這裡你可以享受到】 ⋄ 舒適的工作環境，寬敞的工作桌，和樂的上班氣氛⋄ 很棒的義式咖啡機，無限供應好喝的咖啡 ⋄ 不定時補滿的零食櫃◆ 獎金 / 禮品類 1. 根據員工績效表現及公司整體營運狀況給予年終獎金、半年度獎金2. 制度化的專案結案獎金　◆ 制度類 1. 順暢的升遷管道 2. 員工培訓補助  3. 彈性上下班時間◆ 保險類 1. 勞保 2. 健保 ◆ 請 / 休假制度 1. 特休2. 週休二日 3. 表現良好可申請指定日期在家工作4. 生日假◆ 休閒類 1. 每季一次公司活動2. 每月會議提供豐富下午茶3. 因應節日不定時舉辦活動或準備美食點心同樂4. 當月壽星慶生活動,"人力資源部,"
程式設計師,https://www.104.com.tw/job/5brs5?jobsource=hotjob_chr,慧邦科技股份有限公司,"電玩程式設計師,Internet程式設計師,軟體設計工程師",台北市中正區羅斯福路2段100號10樓,待遇面議,日班，09:30~18:00,2020/03/24,上班族,專科、大學、碩士,不拘,"電機電子工程相關,資訊工程相關,數學及電算機科學學科類",不拘,"PHP,MySQL,JavaScript,jQuery",週休二日,4~5人,【工作內容】開發棋牌類web/手機遊戲－　Web活動開發及官網維護(JQuery、Vue)－　棋牌類遊戲APP、PC等 各平台後端開發(PHP、Perl)－　資料庫操作及數據處理(MySQL)－　版本控制(Git)－　Linux 命令列指令碼操作【職務需求】－　至少熟悉一種程式語言　如：PHP或JavaScript (會Perl更佳）－　喜愛寫程式、認真負責、重視團隊合作精神★想要更加了解慧邦科技嗎？歡迎到gamesofa careers看看！https //www.facebook.com/GamesofaCareers/,※ 加分條件(可特別備註)：- 有使用JavaScript 開發框架經驗 - 熟悉 RWD Frameworks和Mobile Web，處理過不同瀏覽器的相容經驗- 熟悉 資料庫優化相關知識- 熟悉 Git 使用- 熟悉 Linux/FreeBSD 作業系統 及 VIM- 熟悉 Socket Programming- 有作品/比賽經驗者佳,熱情有幹勁的員工是我們最大的資產！歡迎加入一起學習成長的環境~◆ 交通便利(捷運古亭站出口)◆ 保證年薪14個月◆ 團體保險全額補助◆ 彈性上班時間&週休二日◆ 生日假◆ 每季慶生會，享用點心蛋糕◆ mini bar：無限量供應咖啡、飲料、零食◆ 放鬆室：OSIM按摩椅◆ 娛樂區：飛鏢機+PS4+VR虛擬實境◆ 全員聚餐+秋遊免費攜伴參加◆ 尾牙抽獎、聖誕趴交換禮物◆ 員工旅遊全額補助     -2011峇里島ClubMed     -2012北海道滑雪     -2013日本京都/大阪/神戶     -2014關島     -2015新加坡/民丹島ClubMed     -2016杜拜/北海道     -2017長灘島/北海道     -2018澳洲雪梨/沙巴     -2019帛琉/名古屋◆ 每年免費優質健檢◆ 每年運動補助◆ 多益報名費補助&獎金◆ 專業教育訓練◆ 行動上網吃到飽補助◆ 員工協助方案 (EAP)  提供免費專業心理諮詢服務,"余小姐,"
程式開發工程師(無經驗可),https://www.104.com.tw/job/2gt66?jobsource=hotjob_chr,玉山銀行_玉山商業銀行股份有限公司,"軟體設計工程師,Internet程式設計師,電腦系統分析師",台北市中山區/新北市三重區,"月薪40,000元以上",日班，08:30~17:30,2020/03/23,上班族,大學以上,不拘,"資訊管理相關,數學及電算機科學學科類,資訊工程相關",英文聽 /中等、說 /中等、讀 /中等、寫 /中,"ASP,ASP.NET,C#,C++.Net,Java,Visual Basic .net,Visual C#,Visual Studio .net",週休二日,1~20人,1.軟體開發：負責各項資訊專案或需求功能開發，包括系統設計、程式開發等。2.系統測試：負責系統後端API程式開發， 進行系統單元測試、功能測試、程式碼檢核及品質分析。3.技術研究：專案概念性驗證或技術研發。4.網站應用程式開發。5.行動裝置App設計、開發與維護。,1.熱愛程式開發與團隊溝通合作2.擁有新技術研發的熱情3.熟悉Java平台/.NET平台/iOS & Android App系統開發為佳【歡迎無經驗or工作經驗3年以下熱愛程式開發者加入】,1. 完善的教育訓練制度 2. 行員優惠存款3. 行員優惠貸款4. 員工持股信託基金5. 年終獎金、紅利    6. 職工福利委員會各項補助    7. 團保、勞保、健保、勞退    8. 比照或優於勞基法的人力資源制度,"蔡小姐,jiatong-19830@email.esunbank.com.tw"
Java工程師/資深工程師(日班)(晚班),https://www.104.com.tw/job/65fmv?jobsource=hotjob_chr,薩摩亞商德勝資訊軟體有限公司台灣分公司,"通訊軟體工程師,軟體設計工程師,電玩程式設計師",台北市內湖區瑞光路258巷2號8樓之4,"月薪40,000~150,000元",日班/晚班,2020/03/27,上班族,高中以上,2年以上,不拘,不拘,不拘,依公司規定,2~4人,"1.熟悉AOP分析和設計的能力，具有豐富的J2EE架構設計經驗，懂設計模式尤佳2.熟悉Spring常用框架：Spring Boot, Spring Framework, Spring Data...等3.熟悉微服務架構Spring Cloud者尤佳4.熟悉MySQL等關聯式資料庫開發及效能調校5.熟悉消息隊列(KafkaMQ)、分佈式緩存(Redis)、搜尋引擎(Elastisc Search)等相關技術者佳6.熟悉Tomcat及Linux操作指令7.熟悉HTML5/Javascript/CSS，且熟悉Vue.js/AngularJS等前端框架者佳8.具有版控經驗：git9.晚班17 30-01 30(有額外夜班津貼)(固定晚班)",1.三節禮金優渥2.年終最少2個月3.績效獎金(每季發放1次，依據營運狀況及績效考核而定)(每季最高1個月獎金)4.月薪 4萬元至 15萬元5.優於勞基法加班制度6.優於勞基法休假制度7.婚喪生育禮金8.無限提供飲料零食9.每月員工聚餐(1-2次)10.國內外員工旅遊11.餐費額外補貼12.夜班額外津貼(津貼優渥)13.彈性工時14.健康檢查15.員工團保,★公司福利★★幸福企業等級的薪獎制度，讓員工激升滿滿的戰鬥力1.年終獎金兩個月2.績效獎金(每季考核，每次最高一個月獎金，依據營運狀況及績效考核發放獎金)3.三節獎金4.年終尾牙5.公司團體保險6.同仁健康檢查★津貼補助：在人生重大的事件裡，公司都會陪著你 1.生育禮金 2.結婚禮金 3.生日禮金4.喪葬慰問金 5.內部推薦獎金6.優於勞基法加班津貼7.加班餐費額外補貼★休閒活動：無限免費的零食供應！下午時間再也不怕肚子餓拉 1.吃不完的零食及飲料2.現煮咖啡任你喝到飽3.每月公司聚餐4.生日慶生會5.包場電影院6.每週水果日★請/休假制度：適時的休息，是為了讓員工更有衝勁！ 1.彈性上班制(排班人員除外) 2.週休二日 (排班制例外) 3.特休/年假 (福利假優於勞基法)4.國內外員工旅遊,"簡先生,"
"【數據生態營運】資料科學工程師 (數數發中心,DDT)",https://www.104.com.tw/job/6v7pz?jobsource=2018indexpoc,國泰世華商業銀行股份有限公司_人力資源部,"軟體設計工程師,其他資訊專業人員,應用科學研究員",台北市信義區,待遇面議,日班,2020/03/27,上班族,大學以上,不拘,不拘,英文聽 /中等、說 /中等、讀 /中等、寫 /中,"ETL,hadoop,Hive",依公司規定,2~8人,【職務說明】1.數據介接、清洗、處理與數據模型的程式開發2.網路爬蟲、數據工程 API 程式撰寫3.與數據分析師合作，進行機器學習、深度學習與統計分析模型的維運化程式開發4.ETL Pipline 的工具開發與維護5.協助新系統上線6.數據工程的自動化、監控、與維運模組開發,"【應徵條件】1.樂於分享, 與其他團隊成員一同合作2.喜歡和熟悉程式開發流程及技巧3.具有 Linux 系統操作經驗4.具有 Git 使用經驗【加分條件】1.曾使用過 Hadoop/Spark/Hive 等大數據平台開發經驗2.熟悉大數據儲存及運算平台及 Cloudera CDH 各套件服務的建置與管理經驗3.曾使用過任一種 streaming framework, 例如  Spark streaming, 曾開發過 API4.具 ETL pipeline 的工具開發/維護經驗 如  Airflow / Oozie/NIFI等",【專屬於你的幸福】1. 三節獎金(春節、中秋及端午)2. 生日禮金3. 員工優惠存款(行銷專員除外)4. 年終獎金5. 旅遊補助津貼6. 定期教育訓練提升職場競爭力7. 子女教育基金【你應該擁有的幸福】1. 勞保.健保補助2. 團體保險及健康健檢計畫【一起陪伴的幸福】1. 婚喪贈助津貼2. 急難救助金3. 住院補助金4. 社團活動5. 關係企業優惠* 以上福利僅適用於國泰世華銀行正職員工，派遣人員另有其他福利項目。,"歐陽先生、李先生、蔡先生,"
【2020校徵】資料科學工程師,https://www.104.com.tw/job/6uloq?jobsource=2018indexpoc,國泰世華商業銀行股份有限公司_人力資源部,統計精算人員,台北市信義區,"月薪30,000~50,000元",日班,2020/03/27,上班族,大學以上,不拘,"統計學相關,資訊管理相關,資訊工程相關",英文聽 /精通、說 /精通、讀 /精通、寫 /精,"Linux,Shell,ASP.NET,Java,Cognos,Informatica,Oracle,Tableau",依公司規定,1人,【工作說明】1. 數據介接、資料治理、數據市集與數據模型應用之程式開發維運。2. 數據應用分析、數據工程 API 程式開發維運。3. 數據應用之報表平台程式開發維運。【培訓歷程】1. 新人培訓：瞭解公司組織文化、各項業務專案實作。2. 輔導員機制：提供日常生活及業務上的各項幫助。3. 在職訓練：完善的內部在職教育訓練及外部進修課程，另有證照考照補助。,【應徵條件】1.國內外大學畢業，資管/統計/資工相關科系【其他條件說明】1. 具備程式撰寫能力(Java、Angular、ASP.NET Core尤佳)。2. 熟悉Linux、Windows等作業環境。(了解Linux指令與shell script尤佳) 。,【專屬於你的幸福】1. 三節獎金(春節、中秋及端午)2. 生日禮金3. 員工優惠存款(行銷專員除外)4. 年終獎金5. 旅遊補助津貼6. 定期教育訓練提升職場競爭力7. 子女教育基金【你應該擁有的幸福】1. 勞保.健保補助2. 團體保險及健康健檢計畫【一起陪伴的幸福】1. 婚喪贈助津貼2. 急難救助金3. 住院補助金4. 社團活動5. 關係企業優惠* 以上福利僅適用於國泰世華銀行正職員工，派遣人員另有其他福利項目。,"蔡小姐、郭小姐,"
"【數據生態營運】資料科學工程師_ 數據管理 (數數發中心, DDT)",https://www.104.com.tw/job/6rkkm?jobsource=2018indexpoc,國泰世華商業銀行股份有限公司_人力資源部,"其他資訊專業人員,資料庫管理人員,MIS程式設計師",台北市信義區,"月薪30,000~80,000元",日班,2020/03/27,上班族,大學以上,不拘,"統計學相關,資訊管理相關,資訊工程相關",英文聽 /中等、說 /中等、讀 /中等、寫 /中,"Linux,ASP.NET,Java,Cognos,Informatica,Oracle,Tableau",依公司規定,1~7人,1.數據介接、資料治理、數據市集與數據模型應用之程式開發維運。2.數據應用分析、數據工程 API 程式開發維運。3.數據應用之相關平台開發維運。 4.數據應用之相關專案開發維運。5.數據應用之報表平台程式開發維運。6.資料倉儲ETL程式開發及維運。,【擅長工具】1.具程式撰寫能力(Java、Angular、ASP.NET Core尤佳)。2.熟悉Linux、Windows等作業環境。(了解Linux指令與shell script尤佳) 。3.具備系統、網路、資料庫、企業資料倉儲、ETL工具(Informatica/SSIS/Trinity尤佳)與應用程式服務操作及管理能力。4.熟悉報表、圖表之展示及分析工具(Cognos/Tableau尤佳)。5.熟悉資料庫語言(SQL Server/Teradata/Oracle)。 【其他條件】1.對資料、數據具高度敏感性與熱情。2.具備金融同業經驗及程式設計證照者尤佳。 ,【專屬於你的幸福】1. 三節獎金(春節、中秋及端午)2. 生日禮金3. 員工優惠存款(行銷專員除外)4. 年終獎金5. 旅遊補助津貼6. 定期教育訓練提升職場競爭力7. 子女教育基金【你應該擁有的幸福】1. 勞保.健保補助2. 團體保險及健康健檢計畫【一起陪伴的幸福】1. 婚喪贈助津貼2. 急難救助金3. 住院補助金4. 社團活動5. 關係企業優惠* 以上福利僅適用於國泰世華銀行正職員工，派遣人員另有其他福利項目。,"蔡小姐、郭小姐、謝先生、張先生,"
"【數據生態營運】資料營運工程師 (數數發中心,DDT)",https://www.104.com.tw/job/6v7r3?jobsource=2018indexpoc,國泰世華商業銀行股份有限公司_人力資源部,"營運管理師／系統整合／ERP專案師,資料庫管理人員,系統維護／操作人員",台北市信義區,待遇面議,日班,2020/03/27,上班族,大學以上,不拘,不拘,英文聽 /中等、說 /中等、讀 /中等、寫 /精,"Linux,ASP.NET,Java,Oracle,Teradata",依公司規定,2~8人,【職務說明】1.資料倉儲(Teradata)的維運及程式開發。2.ETL平台(Trinity)規劃與設計、程式撰寫、單元測試工作。3.ETL問題追蹤管理及 ETL 資料流的工具開發與維護。4.系統文件撰寫。5.結構化及非結構化資料處理與整合。6.用資料導向概念提升各類業務，並導入系統以加強各項資料應用。 7.建立數據工程的自動化、監控、與維運模組開發。,【應徵條件】1.熟悉資料倉儲平台(Teradata尤佳)的建置與管理經驗。2.熟悉Linux、Windows等作業環境。(了解Linux指令與shell script尤佳) 。3.具程式撰寫能力(Java、Angular、ASP.NET Core尤佳)。4.具備系統、網路、資料庫、企業資料倉儲、ETL工具(Trinity尤佳)與應用程式服務操作及管理能力。5.對資料、數據具高度敏感性與熱情。6.熟悉資料庫語言(SQL Server/Teradata/Oracle),【專屬於你的幸福】1. 三節獎金(春節、中秋及端午)2. 生日禮金3. 員工優惠存款(行銷專員除外)4. 年終獎金5. 旅遊補助津貼6. 定期教育訓練提升職場競爭力7. 子女教育基金【你應該擁有的幸福】1. 勞保.健保補助2. 團體保險及健康健檢計畫【一起陪伴的幸福】1. 婚喪贈助津貼2. 急難救助金3. 住院補助金4. 社團活動5. 關係企業優惠* 以上福利僅適用於國泰世華銀行正職員工，派遣人員另有其他福利項目。,"歐陽先生、李先生、蔡先生,"
【台北內湖】網路文字資料探勘分析(Text Mining/Data Crawler)演算法工程師,https://www.104.com.tw/job/5em7m?jobsource=2018indexpoc,兆洋資訊股份有限公司,"軟體設計工程師,演算法開發工程師,電腦系統分析師",台北市內湖區堤頂大道二段181號2樓(東京企業總部),待遇面議,日班,2020/03/27,上班族,碩士以上,不拘,"資訊工程相關,數理統計相關,資訊管理相關",英文聽 /中等、說 /中等、讀 /中等、寫 /中,不拘,週休二日,3~5人,"【Text Ming/Data Crawler演算法工程師】：1    負責大數據分析產品、雲端服務平台之演算法開發2    產品演算法邏輯設計、模型建立， Web Data Mining演算法系統化開發3.   開發網路資料探勘演算法4.   Optimize the crawler system to improve performance and stability 5.   Clean up the crawled data 6.   Query / statistics / analysis data [About you] 1. Familiar with Web Data Crawler and Data Analytics2. Develop an identity verification login crawler 3. Familiar with Thread, Process, Data algorithm 4. Expertise in MySQL and database performance tunning 5. Expertise in Linux/Unix environments 6. Familiar with Docker [Plus] 1. Analytical packages (Pandas、Scikit-learn、NLTK、Matplotlib) is a plus 2. Experienced in AWS, Azure, GCP is a plus 3. Data mining and machine learning algorithm experience is a big plus 4. Experienced in Hadoop / Spark is big plus 5. Experienced in Django is plus我們在尋找這樣的你：- 良好的邏輯思維能力，良好的數據解讀能力，能夠從海量數據中發現有價值的規律 - 碩士或博士以上學歷，資訊、電機、數學、統計等相關科系畢業者- 至少熟悉一種程式語言，例如：Python- 具實際程式開發撰寫與建模經驗尤佳",,【特休】 前二年特休10天，滿三年後按照政府機關規定。【公司福利】 表現優異可外派至美國子公司上班，出差補貼及住宿◆ 獎金/禮品類	1.年終獎金	2.三節獎金/禮品◆ 保險類	1.勞保	2.健保        3.勞工退休金◆ 請 / 休假制度	1.週休二日	2.特休/年假,"Emma,"
資料工程師 Data Scientist/Engineer ,https://www.104.com.tw/job/6sb12?jobsource=2018indexpoc,圓祐資訊股份有限公司,"軟體設計工程師,資料庫管理人員,演算法開發工程師",台北市松山區民權東路三段144號7樓,待遇面議,日班,2020/03/27,上班族,專科以上,不拘,不拘,不拘,不拘,週休二日,1人,1. 協助建立非結構化資料庫及其資料分析演算法。2. 負責資料蒐集及處理各項數據、資料建模、ETL流程設計及演算法開發，並經梳理後產出使用。3. 運用平行處理架構設計高效處理與運用巨量資料。,1. 熟悉pyspark及mapreduce開發。2. 具備金融產業系統開發經驗者尤佳。,薪資分紅 1.極具競爭力的薪資2.年終獎金、中秋、端午節獎金3.每年年初年度調薪4.每年依績效分紅提供實現創業的平台休假制度 1.周休二日2.優於勞基法的給假方式保障 1. 勞保、健保、勞工退休金2. 到職即享有團體保險公司文化1.融洽的工作環境，追求技術成長2.團隊合作，目標導向其他福利 1.自購電腦補助2.考試津貼3.出差車資補助4.每季定期教育訓練,"王小姐,"
【總公司】大數據應用課－資料工程師,https://www.104.com.tw/job/6ummh?jobsource=2018indexpoc,摩斯漢堡_安心食品服務股份有限公司,"資料庫管理人員,其他資訊專業人員,軟體設計工程師",台北市中山區松江路156-1號東元大樓10樓,"月薪35,000~38,000元",日班,2020/03/27,上班族,大學以上,不拘,"資訊工程相關,數理統計相關,資訊管理相關",不拘,不拘,週休二日,1人,1. 協助資料倉儲管理2. 協助ETL操作及資料清洗工程3. 協助模型自動化佈署,1. 熟悉SQL、Python或R語言，並熟悉ETL流程或是ETL工具2. 熟悉資料倉儲架構3. 具團隊合作精神、良好邏輯思考能力,★【正職同仁福利】 (一)獎金 / 禮品類1.營運績效考核獎金2.年終獎金3.三節、生日禮金(購物點數)(二)保險類1.勞保2.健保3.員工團保(壽險/意外險/醫療險)4.職災保險(三)休閒類1.員工旅遊補助金2.營運店經理職級以上/後勤支援部門聯誼餐敘補助(四)制度類1.完整的教育訓練(營運/幕僚教育訓練，非店鋪單位同仁需通過新人訓練課程、店鋪實習、服務認證考試，並繳交學習心得，方可視為試用合格)2.順暢的升遷管道(五)設備類1.員工宿舍(六)請 / 休假制度1.週休二日2.特休/年假3.陪產假4.家庭照顧假5.女性同仁生理假(七)補助類1.婚/喪補助2.生育津貼3.退職金提撥4.員工餐飲補助　5.語文進修補助(八)其他1.員工購物優惠2.年度健康檢查3.特定職級以上開放員工持股信託★【兼職同仁福利】1.23：00~06：00出勤上班，享夜班津貼每小時加發45元2.國定假日出勤加倍薪 3.通過檢定考即可調薪4.部份職級當月出勤時數達120小時(含)以上享加發金5.完善員工保障(享勞/健保、勞退提撥)6.團體保險(意外傷害/意外醫療險)7.職福會旅遊補助(依服務年資與時數規定給予補助)8.生日禮金、端午禮金、中秋禮金9.員工餐飲優惠10.關係企業家電享員工優惠價,"陳小姐,"
 [台北] AI Deep Learning / 人工智慧深度學習工程師 / 資料科學家,https://www.104.com.tw/job/59ye0?jobsource=2018indexpoc,安富科技股份有限公司,"演算法開發工程師,軟體設計工程師,韌體設計工程師",台北市內湖區瑞光路258巷31號5樓,待遇面議,日班,2020/03/27,上班族,大學以上,2年以上,資訊工程相關,不拘,不拘,週休二日,1人,1.	Maintain the core computer vision services.2.	Build and Design a Machine Learning/ Deep Learning pipelines.  3.	Write clean and testable codes with design documents and unit tests. 4.	Implementing algorithms and ideas from public papers and technical reports.5.	Work with cross-functional teams.,"[Must to have]1.	Familiar in C/C++/Python/Java development.2.	Experience of embedded system software development.3.	Able to share and present knowledge to team members.4.	Be good at Cross-functional Collaboration.[Plus]Research experience in one of following areas  1.	Machine Learning/ Deep Learning.2.	Numerical Optimization Method.3.	Statistics.4.	Computer Vision in Image Classification, Object Detection, Pattern Recognition, etc.",一、獎金類1.	中秋／端午節金2.	年終獎金（第一年依到職比例計算）二、保險類1.	勞保／健保／勞退2.	出差旅平險三、休閒類1.	年終尾牙2.	常備有現磨咖啡機／零食區3. 	水池步道休息區（嘉義廠）四、請／休假制度1.	周休二日／特休／彈性上下班（09 00～10 00至18 00～19 00）2.     周休二日(偶爾配合產線加班) / 特休 (上班時間 8 00 – 17 30 )（嘉義廠）3.	全薪病假7日／女性同仁生理假／陪產假／產檢假／家庭照顧假／防疫照顧假五、補助類1.	誤餐費／差旅津貼2.	結婚禮金／生育禮金／婚喪喜慶補助,"黃先生,"
資料庫工程師【SE五部】,https://www.104.com.tw/job/3zsrn?jobsource=2018indexpoc,聚碩科技股份有限公司,"資料庫管理人員,系統維護／操作人員",台北市內湖區內湖路一段516號10樓,"月薪32,000~45,000元",日班,2020/03/27,上班族,專科、大學、碩士,1年以上,不拘,英文聽 /中等、說 /中等、讀 /中等、寫 /中,不拘,依公司規定,2~3人,"1. Oracle Installation & Configuration2. Oracle Backup & Recovery3. Oracle Routine Maintenance Tasks4. Oracle Data Migration5. Basic SQL, PL/SQL",1. 具Oracle資料庫基本能力者佳2. 具Red Hat Linux作業系統基本能力者佳3. 具自學能力及上進心者佳4. 若有 Oracle OCA 或 OCP 證照者尤佳,1. 每週上班五天(固定週休二日) 2. 採人性化管理3. 享勞保、健保、勞退提撥 4. 團保(公司負擔 100％) 5. 國內外旅遊補助、年終尾牙活動6. 各類教育訓練課程安排(內訓/外訓)  7.不定期舉辦各類講座及活動 ,"samuel,"
軟體專案工程師(資料庫專長),https://www.104.com.tw/job/6w641?jobsource=2018indexpoc,悠遊支付樂金融科技股份有限公司,"軟體設計工程師,電腦系統分析師",台北市內湖區洲子街79號7樓,"月薪40,000元以上",日班,2020/03/27,上班族,專科、大學、碩士,1年以上,資訊工程相關,英文聽 /精通、說 /精通、讀 /精通、寫 /精,"MS SQL,MySQL",依公司規定,1人,本公司之軟體專案工程師（資料庫）需協助專案/標案初期技術文件撰寫與專案執行期的專案產出文件及支援，專案性質包含軟體資訊系統及相關政府機關專案，協助其各階段進度、品質、時間管理及相關專案文件產出。本公司專案工程師有機會參與各領域創新、海外跨境平台、財務會計、區塊鏈等不同領域之資訊系統專案，累積資訊產業專案實戰經驗。工作內容與條件如下  	負責協助公司參與之專案，並緊密配合專案的執行，具備良好溝通、執行能力，依據交付項目完成專案。	熟悉資料庫設計及管理。	規格與技術文件之撰寫。	需國內出差。工作經驗 	軟體工程專案一年~二年經驗。	資訊相關科系背景或相關工作經驗。	參與過政府資訊系統標案/專案。,	需熟悉SQL SERVER 。	具備資料庫相關架構規劃與建置及技術支援等相關工作經驗尤佳。	具備良好外文讀寫能力。	需配合國內出差。	具備跨系統跨平台整合實務經驗或中大型系統規劃經驗者佳 。	有專案管理或資訊相關證照為佳。	有軟體開發經驗為佳。	具備跨系統跨平台整合實務經驗或中大型系統規劃經驗者佳。 	參與過政府資訊系統標案/專案為佳。	喜於挑戰新事物，提出可行之創新解決方案為佳。,每月慶生休假優於勞基法公司圖書館每週讀書會,"Kevin Yu,"
系統工程師(資料備份管理),https://www.104.com.tw/job/2guqt?jobsource=2018indexpoc,中菲電腦股份有限公司,產品售後技術服務,台北市內湖區行愛路151號,"月薪30,000~50,000元",日班，9:00~18:00,2020/03/27,上班族,大學以上,2年以上,資訊工程相關,英文聽 /略懂、說 /略懂、讀 /中等、寫 /略,"Linux,UNIX",週休二日,1~2人,本公司為上櫃績優系統整合公司，IBM在台灣最大經銷商。本工作主要使用IBM之Power System AIX與AS/400主機，主要內容為安裝規劃、系統維護、客戶服務。本工作主要內容為備份系統與Storage安裝規劃、系統維護、客戶服務。歡迎具團隊精神、能接受挑戰有志於IT產業穩定發展的同志加入。需求 資訊相關科系畢業SAN Storage/Unix/資料庫系統管理相關工作經驗與認證具備備份系統使用與建置經驗(Veritas NBU/IBM TSM等)優先工作內容 系統維護與建置儲存環境管理建置備份系統建置客戶問題處理,具備Unix、Linux系統經驗／資料庫管理經驗／有相關認證者請提供,1. 三節獎金與禮品    2.  員工旅遊    3. 公司制度皆優於勞基法  4.週休二日,"郭先生,"
資料中心工程師,https://www.104.com.tw/job/6svag?jobsource=2018indexpoc,數位通國際網路股份有限公司,"資訊助理人員,系統維護／操作人員,資訊設備管制人員",台北市內湖區陽光街248號4樓(近公車站牌步行5分鐘),"月薪27,000~35,000元",日班/晚班/大夜班/假日班，需輪班,2020/03/26,上班族,大學,不拘,不拘,英文聽 /中等、說 /中等、讀 /中等、寫 /中,"Linux,Windows 10,Excel,Outlook,PowerPoint,Word",依公司規定,1人,1. IDC 機房設備監控。2. IDC 機房進出人員管理。3. Collocation 客戶服務。4. Remote hands/eyes support。,1. 熟悉Windows、Linux...等作業系統。2. 具備網路基本概念。3. 具機房管理經驗尤佳。4. 需輪值夜班。,◆ 良好制度   1.週休二日   2.優於勞基法之特休給假   3.人性化管理   4.在職教育訓練   5.績效晉升制度◆ 健全保障   1.勞工保險   2.全民健保   3.新制勞工退休金提撥◆ 福利活動   1.年度健康檢查   2.奬勵旅遊   3.部門聚餐   4.慶生餐會   5.電影欣賞會   6.社團補助◆ 禮金/禮品類   1.三節禮金/禮品   2.婚喪喜慶津貼   3.豐厚之結婚禮金   4.生日禮金/禮品◆ 其他補助/優惠   1.員工進修/健檢/運動補助   2.員工停車位優惠   3.特約商店,"郭小姐,"
Data Engineer資料工程師,https://www.104.com.tw/job/58zi4?jobsource=2018indexpoc,CatchPlay_英屬蓋曼群島商威望國際娛樂股份有限公司台灣分公司,"軟體設計工程師,Internet程式設計師,網路安全分析師",台北市內湖區瑞光路480號10樓,待遇面議,日班,2020/03/26,上班族,大學以上,3年以上,"資訊工程相關,數理統計相關,應用數學相關",英文聽 /中等、說 /中等、讀 /中等、寫 /中,"Linux,UNIX,Java,Python,R,MySQL,AWS,Tableau",依公司規定,1人,"Responsibility：1.Manage Data Management Systems1)Processes varying and volumes of Data and identify selecting the optimum methods and tools for data acquisition and provisioning are fast and reliable2)Determine transformation requirements and develop processes to bring structured and unstructured data from the source to a new physical data model2.Support with data exploratory , testing/validating1)Develop, operate, and monitor ETL for data collection, cleansing, processing, storage, and analytics 2)Develop data visualization to track data usage, server status, and represent data insights3)Support data scientists to ingest, integrate and pre-process data, in batch or streaming.","Skills 1.Experience with implementing highly scalable systems on top of cloud infrastructures, such as AWS. Hands-on ETL job design, components and modules in development of data process.2.Experience of database administrator and SQL performance tuning.3.Desired skills  Linux/Unix, AWS, MySQL, R, Python","每月有兩張電影票跟最愛一起欣賞  CATCHPLAY在院線發行的電影 看院線的電影不過癮  還可以到CATCHPLAY+(https //www.catchplay.com/tw)免費加入CATCHPLAY MOVIE LOVERS員工方案每月可與家人/朋友共賞二部新片和無限看的影片 FOR MOVIE LOVERS, BY MOVIE LOVERS.在CATCHPLAY可和其他電影狂人一起分享你的電影觀點不想整天窩在自己的位子 可以找一任喜歡的角落到休息區泡杯咖啡、吃點零食、到吧台來個下午茶或小組討論，或是到小木屋靜思、腦力激盪，還是到窗邊坐躺懶骨頭，去多功能室伸展 拉腰還是預約專人按摩服務 活胳筋骨薪酬福利 有競爭力 按工作績效/表現調薪 依公司獲利/團隊及個人績效/貢獻獎勵 除有勞健保及退休金提撥, 還有團保和健檢 優於法令的彈性上/下班和特休假制度結婚給婚假、訂婚給訂婚假、孩子出生給父母產假或陪產假 有婚喪喜慶補助、端午、中秋禮金，祝你佳節平安快樂生日時給你生日假和生日禮金，慶祝長尾巴每兩週的Gathering，大夥參與分享 共饗午茶 凝聚團隊的美好時光年終尾牙全員狂歡喜樂  感謝彼此  一年合作努力的成果","許先生,"
資料庫維運工程師,https://www.104.com.tw/job/6kwwk?jobsource=2018indexpoc,優訊軟體科技有限公司,"資料庫管理人員,MIS程式設計師,系統維護／操作人員",台北市內湖區基湖路10巷57號5樓,待遇面議,日班,2020/03/26,上班族,專科以上,3年以上,"資訊工程相關,資訊管理相關,通信學類",英文聽 /中等、說 /中等、讀 /中等、寫 /中,"Linux,Shell,UNIX",週休二日,1人,1.	對於資料庫系統進行規劃、安裝與建置。2.	管理各項資料庫資源使用，包含使用數量、權限管理、使用空間、系統資源（CPU、Memory、IO）等。3.	監控資料庫效能，並適時針對相關參數或協助開發人員進行 SQL語法效能優化。4.	針對資料庫問題進行診斷、性能監控、評估以及核心參數調整配置提出建議和實施計畫。5.	規劃、執行資料庫資料備援及回復計畫。6.	提供諮詢並協助處理資料庫的相關問題。7.	按照規劃時程進行相關Oracle資料庫維運工作。8.	協助 Application Support團隊提供所需的資料庫服務。9.	與團隊和其他部門合作，共同進行新技術研究和測試。10.	其他主管交辦事項。,"1.	Unix/Unix-Like(CentOS/RedHat/Ubuntu)系統，能編寫Shell腳本。2.	瞭解分散式存儲架構,性能及發展趨勢和磁碟陣列等相關知識，有SAN Storage 建置、操作及管理經驗者佳。3.	具備英語閱讀能力。4.	具備自我學習能力，且能自我激勵、主動，能表現出創造力和批判性思維的能力。良好的溝通協調能力及積極主動者。【加分項目-工作條件】 1.	具資料庫管理維運經驗。2.	具管理和備份恢復策略經驗者佳。3.	具SQL編寫和對資料庫物件（表、視圖、索引、存儲過程、函數、包）特性的掌握，交易處理、動態SQL、游標、異常處理等的相關經驗。",◆	第一年即有10天年假(第一年按到職比例給予)◆	每月下午茶活動／每季慶生會活動／不定期節慶活動(ex.元宵節、聖誕節)◆	每月部門聚餐補助◆	每年舉辦全公司大型團建活動◆	員工旅遊補助，並提供不扣薪旅遊假1天◆	員工健康檢查補助，提供健檢假0.5天◆	各類獎金(津貼)：年終獎金／績效獎金／結婚津貼／生育禮金／喪假津貼／三節禮品(金)／生日禮金◆	各類教育訓練規畫，包括海外受訓機會◆	依法提供健保、勞(退)保◆	員工團體保險◆	社團活動補助,"HR,"
D4000 資料庫管理工程師(MS SQL),https://www.104.com.tw/job/58h6h?jobsource=2018indexpoc,富邦媒體科技股份有限公司(富邦momo),"Internet程式設計師,軟體設計工程師,資料庫管理人員",台北市內湖區洲子街96號4樓,待遇面議,日班，09:00~18:00,2020/03/26,上班族,專科以上,1年以上,不拘,英文聽 /略懂、說 /略懂、讀 /略懂、寫 /略,MS SQL,依公司規定,1~2人,SQL SERVER、PostgreSQL資料庫維護管理、效能調校及障礙處理。,1. 需具一年以上SQL SERVER資料庫管理相關經歷。2. 熟悉關聯式資料庫、SQL語言。3. 具MCSA等相關證照尤佳。4. 具PostgreSQL管理經驗者佳。* 如經面試錄取後，報到時須繳交「體格檢查表(一般)」，請於報到前自行至醫療機構辦理體檢 *,◆ 獎金/禮品類1.年終獎金2.三節禮金/禮品3. 員工持股信託(依公司規章辦理)◆ 保險類1.勞保2.健保3.員工團保◆ 活動類1. 幸福下午茶2. 慶生會3. 員工購物優惠◆ 福利/補助1. 國內外旅遊補助2. 社團補助3. 結婚禮金4. 生育津貼5. 生日禮金6. 員工定期健檢◆ 制度類1. 完整的教育訓練2. 順暢的升遷管道3. 勞退金提撥◆ 請休假制度 1.特休假2.陪產假,"高小姐 Cathy,"
MySQL資料庫管理工程師,https://www.104.com.tw/job/6wbmd?jobsource=2018indexpoc,亞果創新有限公司,"資料庫管理人員,網路管理工程師,系統維護／操作人員",台北市大安區忠孝東路四段169號12樓,"月薪60,000~120,000元",日班/晚班/大夜班，需輪班,2020/03/26,上班族,專科以上,3年以上,不拘,不拘,不拘,依公司規定,2~3人,"工作內容1、 負責公司所有資料庫的故障處理、部署、安裝、升級、備份和資料移轉。 2、 制定資料庫備份計畫,災難出現時對資料庫資訊進行恢復。 3、 解決用戶端中間層和伺服器的連結問題，保證安全連接。 4、 熟悉資料庫系統的存儲結構預測未來的存儲需求,制訂資料庫的存儲方案。 5、 根據開發人員設計的應用系統需求創建資料庫存儲結構、資料庫物件。 6、 根據開發人員的回饋資訊,在必要的時候修改資料庫的結構。 7、 監控和優化資料庫的性能。工作職責1、維護線上資料的穩定，構建資料庫的高可用、自動化、監控體系。2、維護資料庫的日常運維、資料安全、性能優化、故障處理及前沿技術研究。3、協助業務人員，更好的使用資料庫。4、打造業界領先的金融級資料庫自動化運維平臺。",1. 三年以上MySQL DBA工作經驗，精通MySQL資料庫內部體系結構和原理 。2.負責MySQL資料庫日常管理和維護，對現有資料系統的穩定性、高可用性、擴展性的相關保障工作。3.負責性能監控和調優，能夠對業務需求和事故及時回應，調整資料庫設計建議 。4.極強的SQL掌控能力和資料模型設計，負責審核新業務上線的資料庫代碼審核與部署 。5.能夠進行資料庫引擎、SQL語句和讀寫分離的優化分析/設計，並具有高併發下讀寫分離維護經驗。6.深入瞭解MySQL Replicat技術細節和高可用方案，熟練搭建主從同步\備份和資料修復 。7.精通SQL程式設計，熟悉複雜存儲過程、函數等的編寫，具備較好SQL優化能力。8.熟悉Linux運維管理，至少熟練shell或python一種指令碼語言開發。9.有良好的工作態度與團隊合作精神，工作認真負責，能承受較大的工作壓力。,<<<<<< 您想要的福利，讓我們一起來創造！>>>>>>※職涯發展：階梯式教育訓練制度、透明化晉升考核管道 ※保險保障：勞保、健保、勞退新制提撥※獎金福利：三節禮金、績效獎金、年終獎金※休假福利：符合法令規範的休假制度※一年享有10天年假，三年享有14天年假。*內勤人員：週休二日 + 國定假日(颱風假給薪)*客服人員：輪休 ( 依據行政院，人事行政局發布的休假天數 )※多元福利：員工聚餐、全天候免費供應咖啡、飲料、茶水及零食。,"HR,"
【DBA】MySQL DBA / 資料庫開發&管理工程師,https://www.104.com.tw/job/6k5nz?jobsource=2018indexpoc,瑞嘉軟體科技股份有限公司,資料庫管理人員,台北市內湖區瑞湖街58號8樓,待遇面議,日班,2020/03/26,上班族,專科、大學、碩士,2年以上,不拘,英文聽 /略懂、說 /略懂、讀 /中等、寫 /中,不拘,依公司規定,1~2人,"•Familiar with Linux. •Lead the effort on database performance and optimization. •Implement and release database changes according to agreed schedule. •Experience in open source DB database management (e.g. MySQL, MariaDB etc)         •Experience with system and database monitoring, including network connection, system status, SQL statement tuning.         •Experience with utilizing tools, shell scripts to solve routine tasks.•Experience with cluster architecture• Experience with database system planning, design, build, restore, upgrade, backup management is a plus. • Willing to cooperate with weekday / holiday shift.",【加分項目-工作條件】 		• 使用及管理 MySQL or open source DB  經驗1年以上     • 具DB Server Consolidation經驗    • 熟悉DB壓力測試方法論與實作 • 相關Domain經驗：              - 管理大型遊戲 or 交易網站1年以上之經驗                - 遊戲平台開發經驗            - 金流平台開發經驗    • 語文能力：可使用英語流暢溝通對談、文件製作與線上文字溝通  • 專案管理：具有專案管理經驗，熟悉建立WBS並預估時程    • 擁有DB相關證照   • 熟悉E-R Diagram工具 				【加分項目-個性與人格特質】 		• 主動積極、高EQ、善溝通、重團隊、有責任心        • 具解決問題的獨立思考能力，學習意願高及勇於接受挑戰     • 抗壓性高，能在指定時間內完成資料庫相關工作  • 個人操守：誠實		,✪  本公司所聘任之正職人員得享有以下福利；工讀生/約聘人員之福利則依公司其它相關規定辦理。✪  具市場競爭力的優渥待遇 + 績效獎金(一年兩次，視年度營運及個人績效而定)。 •  提供具競爭力的薪資及保障年薪。•  年節獎金。•  久任獎金。✪  提供優於勞動法規的休假制度，讓員工都能充足休憩釋放壓力，也有更多時間與家人朋友相處。•  一年12天特休，爾後每滿一年加1天，上限30天(通過試用期，即可享有)。•  員工生日當月可享有生日假。•  員工年度健康檢查當日，可享半天健檢假。•  每年提供12天全薪病假。✪  提供多項補助津貼，照護員工基本生活需求。•  結婚禮金。•  生育津貼。•  生日禮券(金)。•  住院及喪葬慰問金。✪  提供周全的保險及醫療、健康等服務，關心員工健康狀態。•  依據法規實行勞保、健保、勞退保險制度。•  提供高額團體保險制度，以提高員工意外醫療保障。•  提供員工年度定期健康檢查。(眷屬自付健檢費，可享有與員工同等的健檢項目)•  健康整脊及按摩服務。✪  規劃多樣休閒活動，讓員工在參與活動之餘，更能貼近及認知公司文化。•  多元化的社團活動(拳擊有氧、拉丁有氧、健身活動及球類運動)。 •  定期舉辦慶生會(外燴或包場電影欣賞)。•  每季部門聚餐。•  年度國外旅遊。(已旅遊景點：杜拜、澳洲、法國、荷蘭、比利時、日本、沖繩、泰國、韓國、香港、峇里島、持續環遊世界中…)✪  提供一個充滿活力和人性化的美式工作環境，讓員工在工作與生活中保持平衡，樂在工作。•  免費供應飲料、現煮研磨咖啡、點心及水果。•  免費休閒娛樂設備，籃球機、撞球檯、桌球檯、按摩椅等。✪  重視夥伴們的成長與職涯學習，不定期舉辦內訓、講座課程，讓員工吸收新知，並鼓勵員工自我進修。 ✪  規劃彈性上班時間，讓員工在上下班尖峰時間，免於塞車之苦。✪  凡從以下地區至本公司參加面試應徵者，提供車馬費補助：新竹以南、花蓮、台東。,"HR,"
D4000 資料工程師,https://www.104.com.tw/job/5s4ut?jobsource=2018indexpoc,富邦媒體科技股份有限公司(富邦momo),"演算法開發工程師,軟體設計工程師,Internet程式設計師",台北市內湖區洲子街96號4樓,待遇面議,日班，09:00~18:00,2020/03/26,上班族,大學以上,3年以上,"數學及電算機科學學科類,統計學相關",英文聽 /中等、說 /中等、讀 /精通、寫 /中,不拘,依公司規定,2人,1. 負責巨量資料探勘，參與數據模型建立，並優化模型架構。2. 協助巨量資料系統規劃及開發，線上營運，架構完整數據服務平台。,1. 熟悉大量資料處理及分析。2. 熟悉數據相關語言開發，如 Java、Scala、Python。3. 有使用GCP數據相關工具經驗，如 Bigquery、DataFlow等等。* 如經面試錄取後，報到時須繳交「體格檢查表(一般)」，請於報到前自行至醫療機構辦理體檢 *,◆ 獎金/禮品類1.年終獎金2.三節禮金/禮品3. 員工持股信託(依公司規章辦理)◆ 保險類1.勞保2.健保3.員工團保◆ 活動類1. 幸福下午茶2. 慶生會3. 員工購物優惠◆ 福利/補助1. 國內外旅遊補助2. 社團補助3. 結婚禮金4. 生育津貼5. 生日禮金6. 員工定期健檢◆ 制度類1. 完整的教育訓練2. 順暢的升遷管道3. 勞退金提撥◆ 請休假制度 1.特休假2.陪產假,"高小姐 Cathy,"
資料工程師(資訊部),https://www.104.com.tw/job/6dcfl?jobsource=2018indexpoc,三立電視台_三立電視股份有限公司,"電腦系統分析師,軟體設計工程師,演算法開發工程師",台北市內湖區舊宗路一段159號1樓(114),待遇面議,日班,2020/03/26,上班族,專科、大學、碩士,1年以上,不拘,不拘,不拘,依公司規定,1~2人,1.巨量數據資料蒐集、整理、清洗與運算2.熟悉資料庫之SQL語法執行ETL資料轉換作業3.使用者行為分析4.Data Visualization5.建立數據模型、人工智慧機器學習 (AI / ML)6.後端程式系統開發,1.熟悉Python2.熟悉Relational database/NoSQL資料庫3.熟悉AWS架構4.熟悉Linux系統5.具資料分析相關經驗1年以上,享勞保、健保、團體保險、員工教育訓練、三立好書圖書館、員工健檢、員工生日禮金等福委會各項福利。◆ 保險類	1.勞保	2.健保	3.員工團保◆ 獎金/禮品類	1.年終獎金◆ 制度類	1.完整的教育訓練◆ 設備類	1.員工餐廳	2.圖書館◆ 其他	1.健康檢查	2.特約商店,"HR,"
ETL 資料工程師,https://www.104.com.tw/job/5q6kz?jobsource=2018indexpoc,中國人壽保險股份有限公司(總公司),"軟體設計工程師,電腦系統分析師",台北市松山區敦化北路122號,待遇面議,日班，08:30~17:30,2020/03/26,上班族,大學、碩士,1年以上,不拘,不拘,不拘,週休二日,1~2人,1.ETL程式設計及系統日常維運2.需求訪談、系統分析，系統需求規格書文件。3.撰寫測試計畫、測試個案。,1.熟悉Oracle或MS SQL Server資料庫及SQL語法2.具ETL資料轉換作業(ETL Job Developing、IBM DataStage、Trinity)實務經驗1年以上。3.具壽險系統經驗尤佳,在中國人壽這個大家庭中，每位員工都是公司重要的資產。我們的薪酬制度建立在公平及兼具市場競爭力的基礎上，並透過績效獎金制度，與員工分享公司的營運成果。為了讓員工安心工作以及其家庭享有更舒適的生活，我們提供了多樣化的福利制度，滿足員工的各項需求。另外，結合公司發展及個人職涯規劃，我們除了有完善的晉升制度，還有各項內外部教育訓練課程，讓員工與公司一同持續進步與成長。◎薪酬－ 年終獎金：依員工當年度績效表現及在職比例發給。－ 員工酬勞：視公司上一年度獲利狀況發給。－ 增資認股：公司辦理現金增資時，員工具優先以承銷價格認購公司股票之權利。－ 庫藏股認購：於公司買回庫藏股後，員工具優先以公司之成本價購買股票之權利。◎請/休假－ 特別休假：新進人員第一年即享有7天按比例特休假。－ 產檢假、產假、陪產假、育嬰留停假。－ 生理假、半薪病假。－ 家庭照顧假。－ 志工假。◎保障－ 勞工保險、全民健保。－ 勞工退休金6%提撥。－ 團體保險：員工除享有公司付費的壽險、意外險、醫療保障外，眷屬亦享有公司付費的醫療保障。另可自費增加額外保障。◎其他－ 公司內外部教育訓練、專業證照考試獎勵。－ 工作與生活平衡講座。－ 生日禮金、端午禮金、中秋禮金。－ 員工旅遊補助。－ 婚喪喜慶補助。－ 子女教育補助。－ 子女托育優惠。－ 員工健康檢查。－ 房貸利率優惠貸款。－ 各項社團活動：歌詠、健身、養生、瑜珈、讀書會、各式球類等。－ 特約商店優惠：餐廳、飯店、書店、生態農場等。－ 不定期商品特惠：手機、年節商品、展覽門票等。－ 舒適的上班環境：健身房、空中花園、交誼廳、咖啡機等設施。,"吳小姐,"
產品企劃工程師-資料擷取與控制(內湖),https://www.104.com.tw/job/5im3j?jobsource=2018indexpoc,Advantech_研華股份有限公司,"產品企劃開發人員,其他專案管理師",台北市內湖區瑞光路26巷20弄1號,待遇面議,日班,2020/03/26,上班族,大學、碩士,2年以上,工程學科類,英文聽 /精通、說 /精通、讀 /精通、寫 /精,不拘,依公司規定,1人,資料擷取與控制類產品，市場研調、產品規劃、專案進度管理、產品行銷。,國立大學研究所工科背景，自動化相關科系尤佳。有資料擷取與控制相關產品經驗，有PM經驗更佳。,"ABLE Club從「心」出發落實研華美滿人生研華ABLE Club─美滿人生俱樂部中的「ABLE」一字，象徵的是Advantech Beautiful LifE，研華員工不只是樂在工作，從中獲得滿滿的成就感和認同感；在工作之餘，也能藉由ABLE Club豐富而多采多姿的活動，將「愛」與家人、同事、和其他社福團體分享，把幸福快樂的氛圍從自身散發出去，逐漸感染整個社會。透過福委會和社團精心設計的各種活動，我們的愛從研華擴及到了研華眷屬；透過服務他人、利他的服務活動，我們的愛心無遠弗屆，傳遞到社會的每個角落；透過基金會產學合作平台，我們用愛灌溉社會的青年幼苗，讓他們逐漸長成枝繁葉茂的高聳樹木，用所學回饋社會；透過研華ABLE Club，我們的愛成就了研華人的美滿人生，無私的愛心也就此傳送出去，讓更多人一起迎向美滿的人生!◆ 分紅/配股1.員工紅利  個人績效獎金、團體績效獎金◆ 獎金/禮品類1.年終獎金2. 端午節及中秋節禮品3. 生日禮金4. 推薦人才獎金◆ 保險類1.勞保2.健保3.團體保險：壽險、意外險、意外醫療險、住院險、重大疾病險、癌症險、職業災害險◆ 休閒類1.客制化的員工福利制度, 包括國內旅遊、國外旅遊、電影欣賞、雜誌訂閱、餐券及住宿券等2.部門聚餐補助金3.每季慶生會4.社團活動5. 藝文欣賞6. 每日tea time, 提供無限暢飲飲料◆ 制度類1.客觀的績效評核制度2.完整的教育訓練3.順暢的升遷管道◆ 設備類1.員工餐廳◆ 請 / 休假制度1.週休二日2.特休/年假3. 一年五天不扣薪病假◆ 其他1.年度健康檢查2.特約商店◆ 補助類1. 結婚禮金2. 生產禮金3. 住院禮金","HR,"
Data Engineer / 資料工程師,https://www.104.com.tw/job/5jh6a?jobsource=2018indexpoc,瑞嘉軟體科技股份有限公司,"軟體設計工程師,其他資訊專業人員",台北市內湖區瑞湖街58號8樓,待遇面議,日班,2020/03/26,上班族,大學、碩士,1年以上,不拘,不拘,不拘,週休二日,1~2人,"•  Design and implement software systems and tools for internal process automation based on data mining and machine learning techniques.•  Design, implement, and operate data analytics platforms for business intelligence analysis.•  Provide data insights and develop data intelligence solutions/reports for business decisions.•  Work with other teams to assist with data-related technical issues and support their data infrastructure needs.•  Evaluate and identify the use of new or existing software products and technologies.•  Perform other duties as necessary.","【MUST TO HAVE】•  B.S. in Computer Science or a related technical field.•  Minimum 1 year of programming or scripting experience, e.g. Python, R, C#.•  Experience with data cleaning, visualization, and reporting.•  Good understanding of data mining and machine learning techniques.•  Knowledge of SQL databases and database query languages.【NICE TO HAVE】•  Experience with processing large, multi-dimensional datasets is a plus.•  Experience with NoSQL is a plus.•  Good teamwork and communication skills.•  Candidate with certification from Ministry of Economic Affairs (iPAS) has priority interview! BDA•  持有經濟部能力鑑定(iPAS)證書者優先面試! BDA",✪  本公司所聘任之正職人員得享有以下福利；工讀生/約聘人員之福利則依公司其它相關規定辦理。✪  具市場競爭力的優渥待遇 + 績效獎金(一年兩次，視年度營運及個人績效而定)。 •  提供具競爭力的薪資及保障年薪。•  年節獎金。•  久任獎金。✪  提供優於勞動法規的休假制度，讓員工都能充足休憩釋放壓力，也有更多時間與家人朋友相處。•  一年12天特休，爾後每滿一年加1天，上限30天(通過試用期，即可享有)。•  員工生日當月可享有生日假。•  員工年度健康檢查當日，可享半天健檢假。•  每年提供12天全薪病假。✪  提供多項補助津貼，照護員工基本生活需求。•  結婚禮金。•  生育津貼。•  生日禮券(金)。•  住院及喪葬慰問金。✪  提供周全的保險及醫療、健康等服務，關心員工健康狀態。•  依據法規實行勞保、健保、勞退保險制度。•  提供高額團體保險制度，以提高員工意外醫療保障。•  提供員工年度定期健康檢查。(眷屬自付健檢費，可享有與員工同等的健檢項目)•  健康整脊及按摩服務。✪  規劃多樣休閒活動，讓員工在參與活動之餘，更能貼近及認知公司文化。•  多元化的社團活動(拳擊有氧、拉丁有氧、健身活動及球類運動)。 •  定期舉辦慶生會(外燴或包場電影欣賞)。•  每季部門聚餐。•  年度國外旅遊。(已旅遊景點：杜拜、澳洲、法國、荷蘭、比利時、日本、沖繩、泰國、韓國、香港、峇里島、持續環遊世界中…)✪  提供一個充滿活力和人性化的美式工作環境，讓員工在工作與生活中保持平衡，樂在工作。•  免費供應飲料、現煮研磨咖啡、點心及水果。•  免費休閒娛樂設備，籃球機、撞球檯、桌球檯、按摩椅等。✪  重視夥伴們的成長與職涯學習，不定期舉辦內訓、講座課程，讓員工吸收新知，並鼓勵員工自我進修。 ✪  規劃彈性上班時間，讓員工在上下班尖峰時間，免於塞車之苦。✪  凡從以下地區至本公司參加面試應徵者，提供車馬費補助：新竹以南、花蓮、台東。,"HR,"
[駐點] DBA 資料庫工程師,https://www.104.com.tw/job/6b4it?jobsource=2018indexpoc,誠霖創研股份有限公司,"軟體設計工程師,Internet程式設計師,資料庫管理人員",台北市內湖區,待遇面議,日班,2020/03/26,上班族,大學以上,2年以上,"資訊管理相關,資訊工程相關",不拘,MS SQL,週休二日,1~2人,● 工作地點：內湖● 職務性質：約聘『技能需求』1. 資料庫架構評估、規劃與建置。 2. 資料庫備份規劃與建置。 3. 資料庫安全機制規劃與建置。 4. 資料庫效能調校，並針對OS，Instance相關參數及SQL進行調校。,,[公司福利]♦︎ 保險制度　－勞保　－健保　－退休金提撥 ♦︎ 三節獎金 ♦︎ 電腦設備補助♦︎ 不定期餐敘、公司活動♦︎ 彈性的假勤制度　－優於勞基法的給薪年假，到職當年可依年度比例享有特休假♦︎ 加班均按勞基法換抵補休或選擇發給加班費♦︎ 遠距工作申請♦︎ 彈性上下班時間♦︎ 零食、咖啡無限供應,"HR 黃小姐,hr@hics.com.tw"
SQL Developer | 資料庫工程師,https://www.104.com.tw/job/6nn99?jobsource=2018indexpoc,Nexio Technology Limited_睿世軟體科技股份有限公司,"資料庫管理人員,Internet程式設計師,軟體設計工程師",台北市內湖區洲子街57號6樓,待遇面議,日班,2020/03/26,上班族,大學、碩士,1年以上,數學及電算機科學學科類,英文聽 /中等、說 /中等、讀 /中等、寫 /中,不拘,依公司規定,1~2人,1. 管理資料庫使用 (連線數，權限，使用空間......)2. 系統效能調校3. 資料庫備援4. 資料庫線上問題盤查(需要on call),1. 大專以上畢業2. 一年以上開發工作經驗3. 撰寫Application SQL經驗4. 對Database工作有熱忱5. 有心往DBA方向發展加分項：1. 懂Linux base 基本指令2. 懂Postgresql,"◆ 每週上班五天、彈性上下班◆ 具市場競爭力的薪資制度 ◆ 獎金 / 禮金：1個月年終獎金、三節禮金、生日禮金、結婚禮金、生育禮金、視營運狀況發放績效獎金◆ 優於勞基法的請 / 休假制度：未滿一年即享至少10天的特休/年假、5天全薪病假◆ 保險 / 保健制度：年度免費健康檢查、免費團體保險、旅遊平安保險、勞工保險、全民健保◆ 活動類：社團活動、每月壽星慶生會、團隊凝聚活動 ◆ 制度類：年度績效調薪、完整的教育訓練、順暢的升遷管道 ◆ 補助類：社團補助、員工進修補助 ◆ 其他福利：員工餐廳、午餐團膳、新鮮水果、免費咖啡,飲料,零食盡情享用、公司付費外訓課程、家庭日活動、藝文欣賞活動、尾牙聚餐、部門聚餐、免費按摩舒壓","HR,"
系統及資料庫工程師,https://www.104.com.tw/job/3cutt?jobsource=2018indexpoc,德義資訊股份有限公司,"MIS程式設計師,資料庫管理人員",台北市內湖區,待遇面議,日班,2020/03/26,上班族,高中以上,不拘,不拘,不拘,"Oracle,PL/SQL",依公司規定,1~2人,1.建置、管理與維護公司系統。2.開發MIS系統的功能，以符合企業需求，需撰寫Oracle PL/ SQL。3.產出公司報表。,,＊週休二日  自主管理   －人性化管理、彈性上下班、自由開放的工作環境＊優於勞基法的休假制度   －到職當年即享有特休假(依年度比例計算)＊三節獎金或禮品＊定期員工健檢＊尾牙及春酒等餐會＊電影包場，運動會(Gokart、農場)，聚餐Party..等活動＊員工旅遊＊員工保險   －享勞保、健保、團保＊績效導向的薪資報酬   －以績效為導向的薪資報酬設計，結合個人目標與組織目標，引導員工專注目標發展。＊全方位的職涯發展規劃及員工教育訓練   －高度融入性的引導教育訓練、專業內部訓練及高額補助的外部訓練提供同仁自我成長＊員工購買電腦設備貸款,"Johnson,"
V (數位)大數據資料工程師,https://www.104.com.tw/job/6rn5w?jobsource=2018indexpoc,中國人壽保險股份有限公司(總公司),"軟體設計工程師,演算法開發工程師,統計精算人員",台北市松山區敦化北路122號,待遇面議,日班，08:30~17:30,2020/03/26,上班族,大學、碩士,3年以上,不拘,不拘,不拘,週休二日,1人,1.協助數據分析人員進行資料清洗及轉置2.維護資料接口ETL、分析資料集載入ETL與相關資料存儲管理3.分析單位大數據資料平台維運管理,◎基本條件：具備Python程式語言能力熟悉SQL語言具基礎Hadoop及其Eco-system知識具基本Linux系統指令操作能力具高度學習成長能力、主動積極、配合度高有興趣發展成為Data Engineer者優先◎加分技能：熟悉Hive或HBase並運用相關工具處理資料熟悉mongoDB操作熟悉壽險運作及資料具備探索式資料分析(EDA)技能具備ETL腳本、luigi批處理等開發佈署經驗,在中國人壽這個大家庭中，每位員工都是公司重要的資產。我們的薪酬制度建立在公平及兼具市場競爭力的基礎上，並透過績效獎金制度，與員工分享公司的營運成果。為了讓員工安心工作以及其家庭享有更舒適的生活，我們提供了多樣化的福利制度，滿足員工的各項需求。另外，結合公司發展及個人職涯規劃，我們除了有完善的晉升制度，還有各項內外部教育訓練課程，讓員工與公司一同持續進步與成長。◎薪酬－ 年終獎金：依員工當年度績效表現及在職比例發給。－ 員工酬勞：視公司上一年度獲利狀況發給。－ 增資認股：公司辦理現金增資時，員工具優先以承銷價格認購公司股票之權利。－ 庫藏股認購：於公司買回庫藏股後，員工具優先以公司之成本價購買股票之權利。◎請/休假－ 特別休假：新進人員第一年即享有7天按比例特休假。－ 產檢假、產假、陪產假、育嬰留停假。－ 生理假、半薪病假。－ 家庭照顧假。－ 志工假。◎保障－ 勞工保險、全民健保。－ 勞工退休金6%提撥。－ 團體保險：員工除享有公司付費的壽險、意外險、醫療保障外，眷屬亦享有公司付費的醫療保障。另可自費增加額外保障。◎其他－ 公司內外部教育訓練、專業證照考試獎勵。－ 工作與生活平衡講座。－ 生日禮金、端午禮金、中秋禮金。－ 員工旅遊補助。－ 婚喪喜慶補助。－ 子女教育補助。－ 子女托育優惠。－ 員工健康檢查。－ 房貸利率優惠貸款。－ 各項社團活動：歌詠、健身、養生、瑜珈、讀書會、各式球類等。－ 特約商店優惠：餐廳、飯店、書店、生態農場等。－ 不定期商品特惠：手機、年節商品、展覽門票等。－ 舒適的上班環境：健身房、空中花園、交誼廳、咖啡機等設施。,"張小姐,"
F-大數據資料工程師,https://www.104.com.tw/job/64z4v?jobsource=2018indexpoc,中國人壽保險股份有限公司(總公司),"軟體設計工程師,演算法開發工程師,統計精算人員",台北市松山區敦化北路122號,待遇面議,日班，08:30~17:30,2020/03/26,上班族,大學、碩士,3年以上,不拘,不拘,不拘,週休二日,1人,1.協助數據分析人員進行資料清洗及轉置2.維護資料接口ETL、分析資料集載入ETL與相關資料存儲管理3.分析單位大數據資料平台維運管理,◎基本條件：具備Python程式語言能力熟悉SQL語言具基礎Hadoop及其Eco-system知識具基本Linux系統指令操作能力具高度學習成長能力、主動積極、配合度高有興趣發展成為Data Engineer者優先◎加分技能：熟悉Hive或HBase並運用相關工具處理資料熟悉mongoDB操作熟悉壽險運作及資料具備探索式資料分析(EDA)技能具備ETL腳本、luigi批處理等開發佈署經驗,在中國人壽這個大家庭中，每位員工都是公司重要的資產。我們的薪酬制度建立在公平及兼具市場競爭力的基礎上，並透過績效獎金制度，與員工分享公司的營運成果。為了讓員工安心工作以及其家庭享有更舒適的生活，我們提供了多樣化的福利制度，滿足員工的各項需求。另外，結合公司發展及個人職涯規劃，我們除了有完善的晉升制度，還有各項內外部教育訓練課程，讓員工與公司一同持續進步與成長。◎薪酬－ 年終獎金：依員工當年度績效表現及在職比例發給。－ 員工酬勞：視公司上一年度獲利狀況發給。－ 增資認股：公司辦理現金增資時，員工具優先以承銷價格認購公司股票之權利。－ 庫藏股認購：於公司買回庫藏股後，員工具優先以公司之成本價購買股票之權利。◎請/休假－ 特別休假：新進人員第一年即享有7天按比例特休假。－ 產檢假、產假、陪產假、育嬰留停假。－ 生理假、半薪病假。－ 家庭照顧假。－ 志工假。◎保障－ 勞工保險、全民健保。－ 勞工退休金6%提撥。－ 團體保險：員工除享有公司付費的壽險、意外險、醫療保障外，眷屬亦享有公司付費的醫療保障。另可自費增加額外保障。◎其他－ 公司內外部教育訓練、專業證照考試獎勵。－ 工作與生活平衡講座。－ 生日禮金、端午禮金、中秋禮金。－ 員工旅遊補助。－ 婚喪喜慶補助。－ 子女教育補助。－ 子女托育優惠。－ 員工健康檢查。－ 房貸利率優惠貸款。－ 各項社團活動：歌詠、健身、養生、瑜珈、讀書會、各式球類等。－ 特約商店優惠：餐廳、飯店、書店、生態農場等。－ 不定期商品特惠：手機、年節商品、展覽門票等。－ 舒適的上班環境：健身房、空中花園、交誼廳、咖啡機等設施。,"吳小姐,"
F 資料分析運用工程師,https://www.104.com.tw/job/6pfne?jobsource=2018indexpoc,中國人壽保險股份有限公司(總公司),"資料庫管理人員,電腦系統分析師,軟體相關專案管理師",台北市松山區敦化北路122號,待遇面議,日班，8:30~17:30,2020/03/26,上班族,大學以上,不拘,不拘,不拘,不拘,週休二日,4人,1.規劃以「數據驅動」為主之商業解決方案，跨部門業務合作，推動公司數據創新轉型2.支援行相關單位資料分析需求之討論與實施建議 3.依據需求進行資料整理、資料市集與資料流程規劃與建置4.運用資料分析技術與數據展現工具呈現分析結果,1.國內外大學(含以上)畢業，統計/應數/資工/資管相關科系尤佳2.具2年以上商業數據資料採集與處理分析實務經驗3.具保險或銀行產業工作經驗尤佳4.具需求訪談與需求分析能力5.具依據業務及技術需求設計Data Mart能力6.資料分析、結果展現、意義解讀、簡報能力7.具資料分析團隊領導管理經驗8.具專案管理能力9.個性主動積極、抗壓性高、溝通協調技巧佳10.對數據形成背後的原因具好奇心，並具數據運用推廣熱情,在中國人壽這個大家庭中，每位員工都是公司重要的資產。我們的薪酬制度建立在公平及兼具市場競爭力的基礎上，並透過績效獎金制度，與員工分享公司的營運成果。為了讓員工安心工作以及其家庭享有更舒適的生活，我們提供了多樣化的福利制度，滿足員工的各項需求。另外，結合公司發展及個人職涯規劃，我們除了有完善的晉升制度，還有各項內外部教育訓練課程，讓員工與公司一同持續進步與成長。◎薪酬－ 年終獎金：依員工當年度績效表現及在職比例發給。－ 員工酬勞：視公司上一年度獲利狀況發給。－ 增資認股：公司辦理現金增資時，員工具優先以承銷價格認購公司股票之權利。－ 庫藏股認購：於公司買回庫藏股後，員工具優先以公司之成本價購買股票之權利。◎請/休假－ 特別休假：新進人員第一年即享有7天按比例特休假。－ 產檢假、產假、陪產假、育嬰留停假。－ 生理假、半薪病假。－ 家庭照顧假。－ 志工假。◎保障－ 勞工保險、全民健保。－ 勞工退休金6%提撥。－ 團體保險：員工除享有公司付費的壽險、意外險、醫療保障外，眷屬亦享有公司付費的醫療保障。另可自費增加額外保障。◎其他－ 公司內外部教育訓練、專業證照考試獎勵。－ 工作與生活平衡講座。－ 生日禮金、端午禮金、中秋禮金。－ 員工旅遊補助。－ 婚喪喜慶補助。－ 子女教育補助。－ 子女托育優惠。－ 員工健康檢查。－ 房貸利率優惠貸款。－ 各項社團活動：歌詠、健身、養生、瑜珈、讀書會、各式球類等。－ 特約商店優惠：餐廳、飯店、書店、生態農場等。－ 不定期商品特惠：手機、年節商品、展覽門票等。－ 舒適的上班環境：健身房、空中花園、交誼廳、咖啡機等設施。,"吳小姐,"
【DBA】SQL Server Database Developer / 資料庫開發&管理工程師,https://www.104.com.tw/job/49ko5?jobsource=2018indexpoc,瑞嘉軟體科技股份有限公司,資料庫管理人員,台北市內湖區瑞湖街58號8樓,待遇面議,日班,2020/03/26,上班族,專科、大學、碩士,2年以上,不拘,英文聽 /略懂、說 /略懂、讀 /略懂、寫 /略,不拘,依公司規定,1~2人,"•  Familiar with T-SQL and SP Coding.•  Lead the effort on database performance and optimization.•  Implement and release database changes according to agreed schedule.•  Experience in database management (SQL Server 2008/2012/2014/2016, MySQL, etc.) ▪  Experience with system and database monitoring, including network connection, system status, sql execution plan. ▪  Experience with utilizing tools, scripts to solve routine tasks. •  Experience with database system planning, design, build, restore, upgrade  ,backup management is a plus.•  Willing to cooperate with weekday / holiday shift.",【加分項目-工作條件】 		•  使用及管理MS SQL Server Replication (Transactional) 經驗1年以上 		•  具DB Server Consolidation經驗 		•  熟悉DB壓力測試方法論與實作 		•  相關Domain經驗： 		    - 管理大型遊戲 or 交易網站1年以上之經驗 		    - 遊戲平台開發經驗 		    - 金流平台開發經驗 		•  語文能力：可使用英語流暢溝通對談、文件製作與線上文字溝通		•  專案管理：具有專案管理經驗，熟悉建立WBS並預估時程 		•  擁有DB相關證照		•  熟悉E-R Diagram工具 				【加分項目-個性與人格特質】 		•  主動積極、高EQ、善溝通、重團隊、有責任心 		•  具解決問題的獨立思考能力，學習意願高及勇於接受挑戰 		•  抗壓性高，能在指定時間內完成資料庫相關工作 •  個人操守：誠實 			,✪  本公司所聘任之正職人員得享有以下福利；工讀生/約聘人員之福利則依公司其它相關規定辦理。✪  具市場競爭力的優渥待遇 + 績效獎金(一年兩次，視年度營運及個人績效而定)。 •  提供具競爭力的薪資及保障年薪。•  年節獎金。•  久任獎金。✪  提供優於勞動法規的休假制度，讓員工都能充足休憩釋放壓力，也有更多時間與家人朋友相處。•  一年12天特休，爾後每滿一年加1天，上限30天(通過試用期，即可享有)。•  員工生日當月可享有生日假。•  員工年度健康檢查當日，可享半天健檢假。•  每年提供12天全薪病假。✪  提供多項補助津貼，照護員工基本生活需求。•  結婚禮金。•  生育津貼。•  生日禮券(金)。•  住院及喪葬慰問金。✪  提供周全的保險及醫療、健康等服務，關心員工健康狀態。•  依據法規實行勞保、健保、勞退保險制度。•  提供高額團體保險制度，以提高員工意外醫療保障。•  提供員工年度定期健康檢查。(眷屬自付健檢費，可享有與員工同等的健檢項目)•  健康整脊及按摩服務。✪  規劃多樣休閒活動，讓員工在參與活動之餘，更能貼近及認知公司文化。•  多元化的社團活動(拳擊有氧、拉丁有氧、健身活動及球類運動)。 •  定期舉辦慶生會(外燴或包場電影欣賞)。•  每季部門聚餐。•  年度國外旅遊。(已旅遊景點：杜拜、澳洲、法國、荷蘭、比利時、日本、沖繩、泰國、韓國、香港、峇里島、持續環遊世界中…)✪  提供一個充滿活力和人性化的美式工作環境，讓員工在工作與生活中保持平衡，樂在工作。•  免費供應飲料、現煮研磨咖啡、點心及水果。•  免費休閒娛樂設備，籃球機、撞球檯、桌球檯、按摩椅等。✪  重視夥伴們的成長與職涯學習，不定期舉辦內訓、講座課程，讓員工吸收新知，並鼓勵員工自我進修。 ✪  規劃彈性上班時間，讓員工在上下班尖峰時間，免於塞車之苦。✪  凡從以下地區至本公司參加面試應徵者，提供車馬費補助：新竹以南、花蓮、台東。,"HR,"
PostgreSQL資料庫工程師,https://www.104.com.tw/job/6maa7?jobsource=2018indexpoc,德安資訊股份有限公司,"軟體設計工程師,Internet程式設計師,資料庫管理人員",台北市中山區松江路309號8樓,待遇面議,日班，9:00~18:00,2020/03/26,上班族,大學、碩士,2年以上,"資訊管理相關,資訊工程相關",不拘,"Java,Oracle,PostgreSQL",週休二日,1人,1.現行Oracle、PostgreSQL 資料庫管理與優化。 2.參與資料庫建置，並對系統架構規劃提供建議。 3.資料庫效能分析，針對相關參數及SQL Tuning 進行調校。 4.資料庫維護與異常排除。 5.規劃、執行資料庫資料備援及回覆計畫。6.撰寫Stored procedure 或JAVA應用於後端應用系統。,熟悉Oracle 11g ，2年以上資料庫管理經驗者尤佳熟悉SQL、PL/SQL 撰寫 熟ERP資訊系統管理尤佳,德安資訊30多年來發展出成熟的商業模式也代表著公司穩定的成長，但我們不滿足現狀，公司持續不停的蛻變、成長及傳承，因此我們希望也擁有新創公司開放的思維，接納不同創新想法與彈性。如果你樂於團隊合作，具有創新思想的人才，我們期待你的加入，並成為團隊成長的催化劑！彈性上班制：我們重視工作效率、不提倡加班文化，彈性工時。重視員工健康：員工團體保險（意外險/醫療險）與健康檢查，讓你安心的工作。鼓勵員工學習：視工作需要安排訓練，補助課程費用。人才口碑推薦：員工推薦獎勵金。員工慶生會、節慶活動、部門聚餐、員工關係活動。國內外員工旅遊 （2019台南趣淘漫旅、2019韓國首爾五天四夜、2018澎湖三天兩夜、2018九州四天三夜、2017礁溪老爺兩天一夜、2017沙巴五天四夜、2017長灘島五天四夜、2016阿里山兩天一夜、2016澳門三天兩夜）完善的硬體設備：咖啡機、蒸飯箱、冰箱、體脂機、血壓計。健康點心零食、不定期下午茶、水果、鮮奶豆漿。員工社團、特約商店。新人職前訓練。三節獎金、年終獎金(依績效)。結婚祝賀金、生育祝賀金、喪葬慰問金。知名飯店與餐飲舉辦員工尾牙抽獎（2020凱撒、2019美福、2018海霸王、2017紅豆食府、2016海霸王、2015成旅晶贊）。,"林詩嵐,"
樂天銀行(純網銀)_資料庫管理工程師,https://www.104.com.tw/job/6w87z?jobsource=2018indexpoc,樂天國際商業銀行股份有限公司(籌備處),資料庫管理人員,台北市中山區松江路433號11樓,待遇面議,日班,2020/03/26,上班族,大學、碩士,5年以上,"資訊工程相關,資訊管理相關",英文聽 /略懂、說 /略懂、讀 /略懂、寫 /略,不拘,依公司規定,1人,樂天銀行(純網銀)網路銀行 資料庫管理工程師 IT主要工作內容  透過參與專案負責規劃銀行資料庫架構，進行資料庫最佳化設計、標準化作業及備份、備援，在日常維運部份負責資料庫系統管理、監控、效能分析調校及異常處理，透過專案實作與背景多元的團隊成員合作，共同實現專案目標。,工作內容與條件如下 1. 負責資料庫系統日常維運管理工作。 2. 與應用開發單位溝通，製作客製化報表。 3.資料庫日常監控，異常處理。 4. 資料轉置與資料同步的規劃設計與實作。 5. 具備3年金融或資訊相關領域經驗者尤佳。6. 具備資料萃取（Extract）、轉換（Transform）、載入（Load）的專案或跨平台資料轉置、同步的經驗者尤佳。,- 優於勞基法的休假制度- 完善的團體保險及眷屬全額補助- 三節獎金/禮品- 部門聚餐,"Alan,alan.hsu@rakuten-bank.com.tw"
【關係企業】MySQL DBA / 資料庫開發&管理工程師,https://www.104.com.tw/job/6vclr?jobsource=2018indexpoc,瑞嘉軟體科技股份有限公司,資料庫管理人員,台北市內湖區瑞湖街103號,待遇面議,日班,2020/03/26,上班族,專科、大學、碩士,2年以上,不拘,英文聽 /略懂、說 /略懂、讀 /中等、寫 /中,不拘,依公司規定,1~2人,"•Familiar with Linux. •Lead the effort on database performance and optimization. •Implement and release database changes according to agreed schedule. •Experience in open source DB database management (e.g. MySQL, MariaDB etc)         •Experience with system and database monitoring, including network connection, system status, SQL statement tuning.         •Experience with utilizing tools, shell scripts to solve routine tasks.•Experience with cluster architecture• Experience with database system planning, design, build, restore, upgrade, backup management is a plus. • Willing to cooperate with weekday / holiday shift.",【加分項目-工作條件】 		• 使用及管理 MySQL or open source DB  經驗1年以上     • 具DB Server Consolidation經驗    • 熟悉DB壓力測試方法論與實作 • 相關Domain經驗：              - 管理大型遊戲 or 交易網站1年以上之經驗                - 遊戲平台開發經驗            - 金流平台開發經驗    • 語文能力：可使用英語流暢溝通對談、文件製作與線上文字溝通  • 專案管理：具有專案管理經驗，熟悉建立WBS並預估時程    • 擁有DB相關證照   • 熟悉E-R Diagram工具 				【加分項目-個性與人格特質】 		• 主動積極、高EQ、善溝通、重團隊、有責任心        • 具解決問題的獨立思考能力，學習意願高及勇於接受挑戰     • 抗壓性高，能在指定時間內完成資料庫相關工作  • 個人操守：誠實		,✪  本公司所聘任之正職人員得享有以下福利；工讀生/約聘人員之福利則依公司其它相關規定辦理。✪  具市場競爭力的優渥待遇 + 績效獎金(一年兩次，視年度營運及個人績效而定)。 •  提供具競爭力的薪資及保障年薪。•  年節獎金。•  久任獎金。✪  提供優於勞動法規的休假制度，讓員工都能充足休憩釋放壓力，也有更多時間與家人朋友相處。•  一年12天特休，爾後每滿一年加1天，上限30天(通過試用期，即可享有)。•  員工生日當月可享有生日假。•  員工年度健康檢查當日，可享半天健檢假。•  每年提供12天全薪病假。✪  提供多項補助津貼，照護員工基本生活需求。•  結婚禮金。•  生育津貼。•  生日禮券(金)。•  住院及喪葬慰問金。✪  提供周全的保險及醫療、健康等服務，關心員工健康狀態。•  依據法規實行勞保、健保、勞退保險制度。•  提供高額團體保險制度，以提高員工意外醫療保障。•  提供員工年度定期健康檢查。(眷屬自付健檢費，可享有與員工同等的健檢項目)•  健康整脊及按摩服務。✪  規劃多樣休閒活動，讓員工在參與活動之餘，更能貼近及認知公司文化。•  多元化的社團活動(拳擊有氧、拉丁有氧、健身活動及球類運動)。 •  定期舉辦慶生會(外燴或包場電影欣賞)。•  每季部門聚餐。•  年度國外旅遊。(已旅遊景點：杜拜、澳洲、法國、荷蘭、比利時、日本、沖繩、泰國、韓國、香港、峇里島、持續環遊世界中…)✪  提供一個充滿活力和人性化的美式工作環境，讓員工在工作與生活中保持平衡，樂在工作。•  免費供應飲料、現煮研磨咖啡、點心及水果。•  免費休閒娛樂設備，籃球機、撞球檯、桌球檯、按摩椅等。✪  重視夥伴們的成長與職涯學習，不定期舉辦內訓、講座課程，讓員工吸收新知，並鼓勵員工自我進修。 ✪  規劃彈性上班時間，讓員工在上下班尖峰時間，免於塞車之苦。✪  凡從以下地區至本公司參加面試應徵者，提供車馬費補助：新竹以南、花蓮、台東。,"吳先生,"
資料工程師(NC-痞客邦研發中心),https://www.104.com.tw/job/5v3r1?jobsource=2018indexpoc,PIXNET_優像數位媒體科技股份有限公司,"電腦系統分析師,其他資訊專業人員",台北市中山區民生東路三段51號12樓,待遇面議,日班,2020/03/26,上班族,大學以上,不拘,不拘,不拘,"Linux,UNIX,PHP,Python,MySQL",週休二日,1人,PIXInsight Data Team，現正在招募新夥伴的加入。讓我們一起建立更加穩固、反應更快速的資料管道，作為資料驅動的神經系統，為 PIXNET 全站 8 億篇文章，以及每日700多萬訪客所產生的巨量資料，打造更加全面、易用的資料分析平台，支持 PIXNET 實現「Guide to SMART Life」的目標。工作項目如下：1.開發與維護 data pipeline2.資料管理平台之 Web (前)後端、API 開發3.資料庫報表程式開發4.各種資料應用服務之程式開發,"基本條件：1.熟悉 Linux 作業系統操作2.Python 程式語言3.SQL 與關聯式資料庫使用經驗4.對於資料工程，開發與建置自動化、穩定的 data pipeline 有興趣5.良好的溝通、表達、協同合作能力加分項目：1.網站前/後端/Web API 開發經驗 (使用 Python 或 PHP)2.Google Cloud Platform 使用經驗3.熟悉 Python 物件導向程式設計, Design Pattern4.搜尋引擎 (如  Elasticsearch, Solr) 應用開發、搜尋結果調校經驗5.NoSQL database 使用經驗，例如 MongoDB, Redis6.Fluentd, Spark, Kafka 等使用經驗",【福利制度】❏	工作與生活平衡：彈性上下班制度、享特休假12天。❏	上班肚子不空虛：免費零食櫃、自動咖啡機、優惠飲料販賣機、免費下午茶。❏	社團經費補助：自組多元社團經費補助。❏	年度員工參訪：2015年馬來西亞、2016年越南、2017年美國矽谷、2018年印度。❏	各式歡樂活動：開工餐敘、萬聖節派對、聖誕節活動、電影欣賞。❏	良好辦公環境：開放式座位設計、飛鏢機、多功能休息區、書報閱讀區等。❏	集團福利制度：出版品優惠、福委會特約商店優惠、免費按摩、年終尾牙活動。❏	各式保險補助：1.	除法定勞健保、退休金提撥，另提供出差同仁旅遊平安險、團體意外險。2.	端午、中秋禮金、生日禮金、結婚禮金、生育禮金、喪葬撫卹。3.	旅遊及健康檢查補助、住院慰問金、急難求助慰問金。,"林先生,"
Crystal reports及資料庫工程師,https://www.104.com.tw/job/3oua8?jobsource=2018indexpoc,德義資訊股份有限公司,"軟體設計工程師,Internet程式設計師",台北市大安區,待遇面議,日班，09:00~18:00,2020/03/26,上班族,專科以上,3年以上,不拘,英文聽 /略懂、說 /略懂、讀 /略懂、寫 /略,"Java,Struts,Oracle,PL/SQL",週休二日,2~3人,1. 建置、管理與維護報表系統。2. 開發Crystal Reports，以符合企業需求，需撰寫Oracle P/L SQL。3. 撰寫Java程式，以執行報表。,1. 會Crystal reports 為必要條件。2. 對金融相關行業有興趣者歡迎加入。,＊週休二日  自主管理   －人性化管理、彈性上下班、自由開放的工作環境＊優於勞基法的休假制度   －到職當年即享有特休假(依年度比例計算)＊三節獎金或禮品＊定期員工健檢＊尾牙及春酒等餐會＊電影包場，運動會(Gokart、農場)，聚餐Party..等活動＊員工旅遊＊員工保險   －享勞保、健保、團保＊績效導向的薪資報酬   －以績效為導向的薪資報酬設計，結合個人目標與組織目標，引導員工專注目標發展。＊全方位的職涯發展規劃及員工教育訓練   －高度融入性的引導教育訓練、專業內部訓練及高額補助的外部訓練提供同仁自我成長＊員工購買電腦設備貸款,"johnson,"
高級資料工程師(NC-痞客邦研發中心),https://www.104.com.tw/job/6lyi1?jobsource=2018indexpoc,PIXNET_優像數位媒體科技股份有限公司,"電腦系統分析師,其他資訊專業人員",台北市中山區民生東路三段51號12樓,待遇面議,日班,2020/03/26,上班族,大學以上,2年以上,不拘,不拘,"Linux,UNIX,PHP,Python,MySQL",週休二日,1人,PIXInsight Data Team，現正在招募新夥伴的加入。讓我們一起建立更加穩固、反應更快速的資料管道，作為資料驅動的神經系統，為 PIXNET 全站 8 億篇文章，以及每日700多萬訪客所產生的巨量資料，打造更加全面、易用的資料分析平台，支持 PIXNET 實現「Guide to SMART Life」的目標。工作項目如下：1.開發與維護 data pipeline2.資料管理平台之 Web (前)後端、API 開發3.資料庫報表程式開發4.各種資料應用服務之程式開發5.規劃新技術導入6.帶領(Junior)軟體工程師進行軟體開發專案,"基本條件：1.熟悉 Linux 作業系統操作2.Python 程式語言3.SQL 與關聯式資料庫使用經驗4.對於資料工程，開發與建置自動化、穩定的 data pipeline 有興趣5.良好的溝通、表達、協同合作能力加分項目：1.網站前/後端/Web API 開發經驗 (使用 Python 或 PHP)2.Google Cloud Platform 使用經驗3.熟悉 Python 物件導向程式設計, Design Pattern4.搜尋引擎 (如  Elasticsearch, Solr) 應用開發、搜尋結果調校經驗5.NoSQL database 使用經驗，例如 MongoDB, Redis6.Fluentd, Spark, Kafka 等使用經驗",【福利制度】❏	工作與生活平衡：彈性上下班制度、享特休假12天。❏	上班肚子不空虛：免費零食櫃、自動咖啡機、優惠飲料販賣機、免費下午茶。❏	社團經費補助：自組多元社團經費補助。❏	年度員工參訪：2015年馬來西亞、2016年越南、2017年美國矽谷、2018年印度。❏	各式歡樂活動：開工餐敘、萬聖節派對、聖誕節活動、電影欣賞。❏	良好辦公環境：開放式座位設計、飛鏢機、多功能休息區、書報閱讀區等。❏	集團福利制度：出版品優惠、福委會特約商店優惠、免費按摩、年終尾牙活動。❏	各式保險補助：1.	除法定勞健保、退休金提撥，另提供出差同仁旅遊平安險、團體意外險。2.	端午、中秋禮金、生日禮金、結婚禮金、生育禮金、喪葬撫卹。3.	旅遊及健康檢查補助、住院慰問金、急難求助慰問金。,"林先生,"
F 資料工程師,https://www.104.com.tw/job/6pfln?jobsource=2018indexpoc,中國人壽保險股份有限公司(總公司),"資料庫管理人員,電腦系統分析師,軟體設計工程師",台北市松山區敦化北路122號,待遇面議,日班，8:30~17:30,2020/03/26,上班族,大學以上,2年以上,不拘,不拘,"Java,Python,R,MS SQL",週休二日,1~6人,1.規劃以「數據驅動」為主之商業解決方案，跨部門業務合作，推動公司數據創新轉型2.內部需求訪談、資料整合分析與設計3.設計具備效率、規模、品質之資料模型，以及自動化之資料介接流程4.資料萃取、清理、轉換與分析5.ETL程式開發、維護及測試6.數據平台之開發與維運7.進行各項資料服務專案,1.國內外大學(含以上)畢業，資工/資管/應數/統計相關科系尤佳2.具2年以上商業數據資料採集與處理分析實務經驗3.具保險或銀行產業工作經驗尤佳4.具SQL資料庫程式撰寫能力5.具Python、R、Java、.Net任一程式語言開發能力6.具依據業務及技術需求設計Data Schema能力7.熟悉任一RDBMS或NoSQL資料庫，具DBA技能與經驗尤佳8.熟悉ETL流程及任一ETL工具9.具資料倉儲或商業智慧分析(BI)平台建置經驗者尤佳10.個性主動積極、抗壓性高、溝通技巧佳、團隊配合度高11.對數據形成背後的原因具好奇心,在中國人壽這個大家庭中，每位員工都是公司重要的資產。我們的薪酬制度建立在公平及兼具市場競爭力的基礎上，並透過績效獎金制度，與員工分享公司的營運成果。為了讓員工安心工作以及其家庭享有更舒適的生活，我們提供了多樣化的福利制度，滿足員工的各項需求。另外，結合公司發展及個人職涯規劃，我們除了有完善的晉升制度，還有各項內外部教育訓練課程，讓員工與公司一同持續進步與成長。◎薪酬－ 年終獎金：依員工當年度績效表現及在職比例發給。－ 員工酬勞：視公司上一年度獲利狀況發給。－ 增資認股：公司辦理現金增資時，員工具優先以承銷價格認購公司股票之權利。－ 庫藏股認購：於公司買回庫藏股後，員工具優先以公司之成本價購買股票之權利。◎請/休假－ 特別休假：新進人員第一年即享有7天按比例特休假。－ 產檢假、產假、陪產假、育嬰留停假。－ 生理假、半薪病假。－ 家庭照顧假。－ 志工假。◎保障－ 勞工保險、全民健保。－ 勞工退休金6%提撥。－ 團體保險：員工除享有公司付費的壽險、意外險、醫療保障外，眷屬亦享有公司付費的醫療保障。另可自費增加額外保障。◎其他－ 公司內外部教育訓練、專業證照考試獎勵。－ 工作與生活平衡講座。－ 生日禮金、端午禮金、中秋禮金。－ 員工旅遊補助。－ 婚喪喜慶補助。－ 子女教育補助。－ 子女托育優惠。－ 員工健康檢查。－ 房貸利率優惠貸款。－ 各項社團活動：歌詠、健身、養生、瑜珈、讀書會、各式球類等。－ 特約商店優惠：餐廳、飯店、書店、生態農場等。－ 不定期商品特惠：手機、年節商品、展覽門票等。－ 舒適的上班環境：健身房、空中花園、交誼廳、咖啡機等設施。,"吳小姐,"
產品應用工程師(內湖)-研華物聯網資料擷取輸入/輸出模組(IoT Data Acquisition I/O Module),https://www.104.com.tw/job/5em0o?jobsource=2018indexpoc,Advantech_研華股份有限公司,產品售後技術服務,台北市內湖區瑞光路26巷20弄1號,待遇面議,日班,2020/03/26,上班族,大學、碩士,不拘,"電機電子工程相關,機械工程相關,資訊工程相關",英文聽 /精通、說 /精通、讀 /精通、寫 /精,不拘,依公司規定,1人,本職位主要負責研華工業自動化事業群資料擷取控制模組Advantech Data Acquisition Module(ADAM)與無線物聯網感測模組Wireless IoT Sensing devicE(WISE)產品相關技術支援，內容包括 1. Acting as HQ product application engineer by providing technical support to global regional FAEs as well as pre-sale support to global sales force協助客戶處理研華工業自動化事業群ADAM與WISE等相關產品應用問題，提供應用範例或文件並教導客戶使用產品，另針對特定整合專案提供事前咨詢以及事後產品技術支援。2. 分析、解決產品問題透過全球FAE回饋現場資訊，複製現場客戶應用問題後進行分析，與產品部RD合作解決問題。3. 新產品測試新產品研發階段，以客戶角度進行產品應用面評估測試，在使用者友善介面及特殊軟硬體應用，提供產品部建議，增強產品使用者友善功能。4. 產品教育訓練不定期提供國內外合作Partner及內部同仁產品訓練課程。,"1. 學歷  研究所(含)以上, 電子/電機/機械/資工相關科系畢業優先入取2. 熟悉數位輸入、輸出(Digital Input / Output) 、類比輸入(Analog Input)、繼電器(Relay)等各種不同的擷取和控制方式3. 熟悉Visual Studio C/C++/C#中至少一種程式語言 4. Linux相關操作經驗, 瞭解基本指令. 具備基本Shell Script能力經驗尤佳5. 熟悉Serial/Ethernet/Wireless 通訊原理6. 具有工業自動化或資訊相關產業經驗者佳7. 英文能力  聽說讀寫精通8. 優先面試經濟部工業局DIGI⁺ Talent計畫之結訓研習生(IOT)","ABLE Club從「心」出發落實研華美滿人生研華ABLE Club─美滿人生俱樂部中的「ABLE」一字，象徵的是Advantech Beautiful LifE，研華員工不只是樂在工作，從中獲得滿滿的成就感和認同感；在工作之餘，也能藉由ABLE Club豐富而多采多姿的活動，將「愛」與家人、同事、和其他社福團體分享，把幸福快樂的氛圍從自身散發出去，逐漸感染整個社會。透過福委會和社團精心設計的各種活動，我們的愛從研華擴及到了研華眷屬；透過服務他人、利他的服務活動，我們的愛心無遠弗屆，傳遞到社會的每個角落；透過基金會產學合作平台，我們用愛灌溉社會的青年幼苗，讓他們逐漸長成枝繁葉茂的高聳樹木，用所學回饋社會；透過研華ABLE Club，我們的愛成就了研華人的美滿人生，無私的愛心也就此傳送出去，讓更多人一起迎向美滿的人生!◆ 分紅/配股1.員工紅利  個人績效獎金、團體績效獎金◆ 獎金/禮品類1.年終獎金2. 端午節及中秋節禮品3. 生日禮金4. 推薦人才獎金◆ 保險類1.勞保2.健保3.團體保險：壽險、意外險、意外醫療險、住院險、重大疾病險、癌症險、職業災害險◆ 休閒類1.客制化的員工福利制度, 包括國內旅遊、國外旅遊、電影欣賞、雜誌訂閱、餐券及住宿券等2.部門聚餐補助金3.每季慶生會4.社團活動5. 藝文欣賞6. 每日tea time, 提供無限暢飲飲料◆ 制度類1.客觀的績效評核制度2.完整的教育訓練3.順暢的升遷管道◆ 設備類1.員工餐廳◆ 請 / 休假制度1.週休二日2.特休/年假3. 一年五天不扣薪病假◆ 其他1.年度健康檢查2.特約商店◆ 補助類1. 結婚禮金2. 生產禮金3. 住院禮金","蔡菁菁,"
ETL資料工程師(科主管),https://www.104.com.tw/job/6sf18?jobsource=2018indexpoc,中國人壽保險股份有限公司(總公司),"軟體設計工程師,電腦系統分析師,軟體專案主管",台北市松山區敦化北路122號,待遇面議,日班，08:30~17:30,2020/03/26,上班族,大學、碩士,3年以上,不拘,不拘,不拘,週休二日,1人,1.ETL程式設計及系統日常維運2.需求訪談、系統分析，系統需求規格書文件。3.撰寫測試計畫、測試個案。,1.熟悉Oracle或MS SQL Server資料庫及SQL語法2.ETL資料轉換作業(ETL Job Developing、IBM DataStage、Trinity)實務經驗3年以上3.具DataWarehouse、DataMart之建置與開發經驗4.個性主動積極、溝通技巧佳、抗壓性及團隊配合度高5.具壽險系統經驗尤佳,在中國人壽這個大家庭中，每位員工都是公司重要的資產。我們的薪酬制度建立在公平及兼具市場競爭力的基礎上，並透過績效獎金制度，與員工分享公司的營運成果。為了讓員工安心工作以及其家庭享有更舒適的生活，我們提供了多樣化的福利制度，滿足員工的各項需求。另外，結合公司發展及個人職涯規劃，我們除了有完善的晉升制度，還有各項內外部教育訓練課程，讓員工與公司一同持續進步與成長。◎薪酬－ 年終獎金：依員工當年度績效表現及在職比例發給。－ 員工酬勞：視公司上一年度獲利狀況發給。－ 增資認股：公司辦理現金增資時，員工具優先以承銷價格認購公司股票之權利。－ 庫藏股認購：於公司買回庫藏股後，員工具優先以公司之成本價購買股票之權利。◎請/休假－ 特別休假：新進人員第一年即享有7天按比例特休假。－ 產檢假、產假、陪產假、育嬰留停假。－ 生理假、半薪病假。－ 家庭照顧假。－ 志工假。◎保障－ 勞工保險、全民健保。－ 勞工退休金6%提撥。－ 團體保險：員工除享有公司付費的壽險、意外險、醫療保障外，眷屬亦享有公司付費的醫療保障。另可自費增加額外保障。◎其他－ 公司內外部教育訓練、專業證照考試獎勵。－ 工作與生活平衡講座。－ 生日禮金、端午禮金、中秋禮金。－ 員工旅遊補助。－ 婚喪喜慶補助。－ 子女教育補助。－ 子女托育優惠。－ 員工健康檢查。－ 房貸利率優惠貸款。－ 各項社團活動：歌詠、健身、養生、瑜珈、讀書會、各式球類等。－ 特約商店優惠：餐廳、飯店、書店、生態農場等。－ 不定期商品特惠：手機、年節商品、展覽門票等。－ 舒適的上班環境：健身房、空中花園、交誼廳、咖啡機等設施。,"吳小姐,"
★【台北】內湖科技公司徵-java工程師/IOS工程師/資料庫維運工程師,https://www.104.com.tw/job/6laqs?jobsource=2018indexpoc,台灣英特艾倫人力資源有限公司,"經營管理主管,電玩程式設計師,軟體設計工程師",台北市內湖區,"月薪67,000~90,000元",日班,2020/03/26,上班族,大學以上,2年以上,不拘,不拘,不拘,週休二日,2人,"java 1.軟體之設計、開發。同時利用相對應之硬體、資料庫以及編寫程式之技術測試以及故障排除。2.具備開發新專案在程式上設計架構與模組化能力。3.對所開發的系統編寫和維護完善文件。4.配合專案項目進行各方面如效能、可行性分析及系統功能設計。5.精化處理數據和格式化，改進最終產品。6.評估程序之間之相互關聯，確認在原定開發計畫中某部分開發是否有其他副作用產生。7.分析系統性能，並在與用戶協商及公司開發基礎上進行優化。8. 項目開發管理 計畫、執行及控管9. 溝通理解能力佳，具備換位思考能力，能清晰了解技術與商業邏輯相互間之影響。~~~~~~~~~~~~~~~~~~~~~~~~~~~~~~~*IOS 1.負責在iOS平臺上的應用開發。2.根據產品功能模組設計，編碼實現各模組功能，並確保開發品質。3.參與軟體需求分析，模組設計，單元測試等工作。4.參與移動平臺軟體框架的研究，設計和實現、關鍵技術驗證等工作。5.負責移動應用產品的使用者體驗優化。6.為產品後期運營提供升級、維護等技術支援。7.配合策劃、美術設計等團隊，完成開發工作。_____________________________________________資料庫維運 1. 對於資料庫系統進行規劃、安裝與建置。2. 管理各項資料庫資源使用，包含使用數量、權限管理、使用空間、系統資源（CPU、Memory、IO）等。3. 監控資料庫效能，並適時針對相關參數或協助開發人員進行 SQL語法效能優化。4. 針對資料庫問題進行診斷、性能監控、評估以及核心參數調整配置提出建議和實施計畫。5. 規劃、執行資料庫資料備援及回復計畫。6. 提供諮詢並協助處理資料庫的相關問題。7. 按照規劃時程進行相關Oracle資料庫維運工作。8. 協助 Application Support團隊提供所需的資料庫服務。9. 與團隊和其他部門合作，共同進行新技術研究和測試。其他條件 1. Unix/Unix-Like(CentOS/RedHat/Ubuntu)系統，能編寫Shell腳本。2. 瞭解分散式存儲架構,性能及發展趨勢和磁碟陣列等相關知識，有SAN Storage 建置、操作及管理經驗者佳。3. 具備英語閱讀能力。4. 具備自我學習能力，且能自我激勵、主動，能表現出創造力和批判性思維的能力。良好的溝通協調能力及積極主動者。【加分項目-工作條件】1. 具資料庫管理維運經驗。2. 具管理和備份恢復策略經驗者佳。3. 具SQL編寫和對資料庫物件（表、視圖、索引、存儲過程、函數、包）特性的掌握，交易處理、動態SQL、游標、異常處理等的相關經驗。",,,"owen,"
